scenario,replicate,dimensions,trend,combine,frac_p_below_0.05,frac_p_below_0.001,num_called_q_0.1
dcsbm pareto,0,default,polynomial,mean,0.014,0.0,0
dcsbm pareto,0,default,spline,mean,0.014,0.0,0
dcsbm pareto,0,default,spline,cauchy,0.006,0.0,0
dcsbm pareto,0,elbow,polynomial,mean,0.004,0.0,0
dcsbm pareto,0,elbow,spline,mean,0.004,0.0,0
dcsbm pareto,0,elbow,spline,cauchy,0.004,0.0,0
dcsbm pareto,1,default,polynomial,mean,0.013,0.0,0
dcsbm pareto,1,default,spline,mean,0.012,0.0,0
dcsbm pareto,1,default,spline,cauchy,0.004,0.0,0
dcsbm pareto,1,elbow,polynomial,mean,0.037,0.0,0
dcsbm pareto,1,elbow,spline,mean,0.037,0.0,0
dcsbm pareto,1,elbow,spline,cauchy,0.037,0.0,0
dcsbm pareto,2,default,polynomial,mean,0.013,0.0,0
dcsbm pareto,2,default,spline,mean,0.013,0.0,0
dcsbm pareto,2,default,spline,cauchy,0.006,0.0,0
dcsbm pareto,2,elbow,polynomial,mean,0.012,0.0,0
dcsbm pareto,2,elbow,spline,mean,0.012,0.0,0
dcsbm pareto,2,elbow,spline,cauchy,0.013,0.0,0
dcsbm pareto,3,default,polynomial,mean,0.013,0.0,0
dcsbm pareto,3,default,spline,mean,0.01,0.0,0
dcsbm pareto,3,default,spline,cauchy,0.004,0.0,0
dcsbm pareto,3,elbow,polynomial,mean,0.016,0.0,0
dcsbm pareto,3,elbow,spline,mean,0.018,0.0,0
dcsbm pareto,3,elbow,spline,cauchy,0.018,0.0,0
dcsbm pareto,4,default,polynomial,mean,0.016,0.0,0
dcsbm pareto,4,default,spline,mean,0.016,0.0,0
dcsbm pareto,4,default,spline,cauchy,0.004,0.0,0
dcsbm pareto,4,elbow,polynomial,mean,0.052,0.0,0
dcsbm pareto,4,elbow,spline,mean,0.049,0.0,0
dcsbm pareto,4,elbow,spline,cauchy,0.05,0.0,0
dcsbm pareto,5,default,polynomial,mean,0.009,0.0,0
dcsbm pareto,5,default,spline,mean,0.009,0.0,0
dcsbm pareto,5,default,spline,cauchy,0.004,0.0,0
dcsbm pareto,5,elbow,polynomial,mean,0.021,0.0,0
dcsbm pareto,5,elbow,spline,mean,0.021,0.0,0
dcsbm pareto,5,elbow,spline,cauchy,0.021,0.0,0
dcsbm pareto,6,default,polynomial,mean,0.025,0.0,0
dcsbm pareto,6,default,spline,mean,0.027,0.0,0
dcsbm pareto,6,default,spline,cauchy,0.008,0.0,0
dcsbm pareto,6,elbow,polynomial,mean,0.03,0.0,0
dcsbm pareto,6,elbow,spline,mean,0.03,0.0,0
dcsbm pareto,6,elbow,spline,cauchy,0.029,0.0,0
dcsbm pareto,7,default,polynomial,mean,0.012,0.0,0
dcsbm pareto,7,default,spline,mean,0.011,0.0,0
dcsbm pareto,7,default,spline,cauchy,0.001,0.0,0
dcsbm pareto,7,elbow,polynomial,mean,0.021,0.0,0
dcsbm pareto,7,elbow,spline,mean,0.019,0.0,0
dcsbm pareto,7,elbow,spline,cauchy,0.018,0.0,0
dcsbm pareto,8,default,polynomial,mean,0.014,0.0,0
dcsbm pareto,8,default,spline,mean,0.014,0.0,0
dcsbm pareto,8,default,spline,cauchy,0.003,0.0,0
dcsbm pareto,8,elbow,polynomial,mean,0.03,0.0,0
dcsbm pareto,8,elbow,spline,mean,0.03,0.0,0
dcsbm pareto,8,elbow,spline,cauchy,0.03,0.0,0
dcsbm pareto,9,default,polynomial,mean,0.018,0.0,0
dcsbm pareto,9,default,spline,mean,0.018,0.0,0
dcsbm pareto,9,default,spline,cauchy,0.006,0.0,0
dcsbm pareto,9,elbow,polynomial,mean,0.023,0.0,0
dcsbm pareto,9,elbow,spline,mean,0.024,0.0,0
dcsbm pareto,9,elbow,spline,cauchy,0.025,0.0,0
dcsbm pareto,10,default,polynomial,mean,0.013,0.0,0
dcsbm pareto,10,default,spline,mean,0.014,0.0,0
dcsbm pareto,10,default,spline,cauchy,0.007,0.0,0
dcsbm pareto,10,elbow,polynomial,mean,0.03,0.0,0
dcsbm pareto,10,elbow,spline,mean,0.028,0.0,0
dcsbm pareto,10,elbow,spline,cauchy,0.029,0.0,0
dcsbm pareto,11,default,polynomial,mean,0.015,0.0,0
dcsbm pareto,11,default,spline,mean,0.013,0.0,0
dcsbm pareto,11,default,spline,cauchy,0.005,0.0,0
dcsbm pareto,11,elbow,polynomial,mean,0.013,0.0,0
dcsbm pareto,11,elbow,spline,mean,0.013,0.0,0
dcsbm pareto,11,elbow,spline,cauchy,0.013,0.0,0
dcsbm pareto,12,default,polynomial,mean,0.013,0.0,0
dcsbm pareto,12,default,spline,mean,0.013,0.0,0
dcsbm pareto,12,default,spline,cauchy,0.004,0.0,0
dcsbm pareto,12,elbow,polynomial,mean,0.015,0.0,0
dcsbm pareto,12,elbow,spline,mean,0.015,0.0,0
dcsbm pareto,12,elbow,spline,cauchy,0.016,0.0,0
dcsbm pareto,13,default,polynomial,mean,0.012,0.0,0
dcsbm pareto,13,default,spline,mean,0.014,0.0,0
dcsbm pareto,13,default,spline,cauchy,0.001,0.0,0
dcsbm pareto,13,elbow,polynomial,mean,0.03,0.0,0
dcsbm pareto,13,elbow,spline,mean,0.03,0.0,0
dcsbm pareto,13,elbow,spline,cauchy,0.03,0.0,0
dcsbm pareto,14,default,polynomial,mean,0.013,0.0,0
dcsbm pareto,14,default,spline,mean,0.014,0.0,0
dcsbm pareto,14,default,spline,cauchy,0.001,0.0,0
dcsbm pareto,14,elbow,polynomial,mean,0.022,0.0,0
dcsbm pareto,14,elbow,spline,mean,0.022,0.0,0
dcsbm pareto,14,elbow,spline,cauchy,0.022,0.0,0
dcsbm pareto,15,default,polynomial,mean,0.012,0.0,0
dcsbm pareto,15,default,spline,mean,0.011,0.0,0
dcsbm pareto,15,default,spline,cauchy,0.006,0.0,0
dcsbm pareto,15,elbow,polynomial,mean,0.022,0.0,0
dcsbm pareto,15,elbow,spline,mean,0.022,0.0,0
dcsbm pareto,15,elbow,spline,cauchy,0.022,0.0,0
dcsbm pareto,16,default,polynomial,mean,0.005,0.0,0
dcsbm pareto,16,default,spline,mean,0.006,0.0,0
dcsbm pareto,16,default,spline,cauchy,0.002,0.0,0
dcsbm pareto,16,elbow,polynomial,mean,0.013,0.0,0
dcsbm pareto,16,elbow,spline,mean,0.013,0.0,0
dcsbm pareto,16,elbow,spline,cauchy,0.012,0.0,0
dcsbm pareto,17,default,polynomial,mean,0.015,0.0,0
dcsbm pareto,17,default,spline,mean,0.014,0.0,0
dcsbm pareto,17,default,spline,cauchy,0.002,0.0,0
dcsbm pareto,17,elbow,polynomial,mean,0.023,0.0,0
dcsbm pareto,17,elbow,spline,mean,0.022,0.0,0
dcsbm pareto,17,elbow,spline,cauchy,0.022,0.0,0
dcsbm pareto,18,default,polynomial,mean,0.009,0.0,0
dcsbm pareto,18,default,spline,mean,0.009,0.0,0
dcsbm pareto,18,default,spline,cauchy,0.007,0.0,0
dcsbm pareto,18,elbow,polynomial,mean,0.011,0.0,0
dcsbm pareto,18,elbow,spline,mean,0.012,0.0,0
dcsbm pareto,18,elbow,spline,cauchy,0.012,0.0,0
dcsbm pareto,19,default,polynomial,mean,0.02,0.0,0
dcsbm pareto,19,default,spline,mean,0.02,0.0,0
dcsbm pareto,19,default,spline,cauchy,0.004,0.0,0
dcsbm pareto,19,elbow,polynomial,mean,0.029,0.0,0
dcsbm pareto,19,elbow,spline,mean,0.029,0.0,0
dcsbm pareto,19,elbow,spline,cauchy,0.029,0.0,0
dcsbm pareto,20,default,polynomial,mean,0.016,0.0,0
dcsbm pareto,20,default,spline,mean,0.016,0.0,0
dcsbm pareto,20,default,spline,cauchy,0.006,0.0,0
dcsbm pareto,20,elbow,polynomial,mean,0.007,0.0,0
dcsbm pareto,20,elbow,spline,mean,0.007,0.0,0
dcsbm pareto,20,elbow,spline,cauchy,0.007,0.0,0
dcsbm pareto,21,default,polynomial,mean,0.02,0.0,0
dcsbm pareto,21,default,spline,mean,0.022,0.0,0
dcsbm pareto,21,default,spline,cauchy,0.008,0.0,0
dcsbm pareto,21,elbow,polynomial,mean,0.03,0.0,0
dcsbm pareto,21,elbow,spline,mean,0.031,0.0,0
dcsbm pareto,21,elbow,spline,cauchy,0.032,0.0,0
dcsbm pareto,22,default,polynomial,mean,0.008,0.0,0
dcsbm pareto,22,default,spline,mean,0.009,0.0,0
dcsbm pareto,22,default,spline,cauchy,0.003,0.0,0
dcsbm pareto,22,elbow,polynomial,mean,0.004,0.0,0
dcsbm pareto,22,elbow,spline,mean,0.004,0.0,0
dcsbm pareto,22,elbow,spline,cauchy,0.004,0.0,0
dcsbm pareto,23,default,polynomial,mean,0.025,0.0,0
dcsbm pareto,23,default,spline,mean,0.026,0.0,0
dcsbm pareto,23,default,spline,cauchy,0.01,0.0,0
dcsbm pareto,23,elbow,polynomial,mean,0.024,0.0,0
dcsbm pareto,23,elbow,spline,mean,0.024,0.0,0
dcsbm pareto,23,elbow,spline,cauchy,0.024,0.0,0
dcsbm pareto,24,default,polynomial,mean,0.013,0.0,0
dcsbm pareto,24,default,spline,mean,0.013,0.0,0
dcsbm pareto,24,default,spline,cauchy,0.002,0.0,0
dcsbm pareto,24,elbow,polynomial,mean,0.02,0.0,0
dcsbm pareto,24,elbow,spline,mean,0.02,0.0,0
dcsbm pareto,24,elbow,spline,cauchy,0.02,0.0,0
dcsbm pareto,25,default,polynomial,mean,0.014,0.0,0
dcsbm pareto,25,default,spline,mean,0.014,0.0,0
dcsbm pareto,25,default,spline,cauchy,0.003,0.0,0
dcsbm pareto,25,elbow,polynomial,mean,0.022,0.0,0
dcsbm pareto,25,elbow,spline,mean,0.021,0.0,0
dcsbm pareto,25,elbow,spline,cauchy,0.022,0.0,0
dcsbm pareto,26,default,polynomial,mean,0.011,0.0,0
dcsbm pareto,26,default,spline,mean,0.01,0.0,0
dcsbm pareto,26,default,spline,cauchy,0.005,0.0,0
dcsbm pareto,26,elbow,polynomial,mean,0.024,0.0,0
dcsbm pareto,26,elbow,spline,mean,0.025,0.0,0
dcsbm pareto,26,elbow,spline,cauchy,0.026,0.0,0
dcsbm pareto,27,default,polynomial,mean,0.025,0.0,0
dcsbm pareto,27,default,spline,mean,0.025,0.0,0
dcsbm pareto,27,default,spline,cauchy,0.01,0.0,0
dcsbm pareto,27,elbow,polynomial,mean,0.036,0.0,0
dcsbm pareto,27,elbow,spline,mean,0.035,0.0,0
dcsbm pareto,27,elbow,spline,cauchy,0.037,0.0,0
dcsbm pareto,28,default,polynomial,mean,0.02,0.0,0
dcsbm pareto,28,default,spline,mean,0.02,0.0,0
dcsbm pareto,28,default,spline,cauchy,0.009,0.0,0
dcsbm pareto,28,elbow,polynomial,mean,0.033,0.0,0
dcsbm pareto,28,elbow,spline,mean,0.033,0.0,0
dcsbm pareto,28,elbow,spline,cauchy,0.033,0.0,0
dcsbm pareto,29,default,polynomial,mean,0.008,0.0,0
dcsbm pareto,29,default,spline,mean,0.008,0.0,0
dcsbm pareto,29,default,spline,cauchy,0.0,0.0,0
dcsbm pareto,29,elbow,polynomial,mean,0.011,0.0,0
dcsbm pareto,29,elbow,spline,mean,0.013,0.0,0
dcsbm pareto,29,elbow,spline,cauchy,0.013,0.0,0
dcsbm lognormal,0,default,polynomial,mean,0.013,0.0,0
dcsbm lognormal,0,default,spline,mean,0.012,0.0,0
dcsbm lognormal,0,default,spline,cauchy,0.005,0.0,0
dcsbm lognormal,0,elbow,polynomial,mean,0.008,0.0,0
dcsbm lognormal,0,elbow,spline,mean,0.01,0.0,0
dcsbm lognormal,0,elbow,spline,cauchy,0.01,0.0,0
dcsbm lognormal,1,default,polynomial,mean,0.015,0.0,0
dcsbm lognormal,1,default,spline,mean,0.015,0.0,0
dcsbm lognormal,1,default,spline,cauchy,0.006,0.0,0
dcsbm lognormal,1,elbow,polynomial,mean,0.019,0.0,0
dcsbm lognormal,1,elbow,spline,mean,0.021,0.0,0
dcsbm lognormal,1,elbow,spline,cauchy,0.019,0.0,0
dcsbm lognormal,2,default,polynomial,mean,0.02106318956870612,0.0,0
dcsbm lognormal,2,default,spline,mean,0.020060180541624874,0.0,0
dcsbm lognormal,2,default,spline,cauchy,0.012036108324974924,0.0,0
dcsbm lognormal,2,elbow,polynomial,mean,0.01805416248746239,0.0,0
dcsbm lognormal,2,elbow,spline,mean,0.017051153460381142,0.0,0
dcsbm lognormal,2,elbow,spline,cauchy,0.017051153460381142,0.0,0
dcsbm lognormal,3,default,polynomial,mean,0.021,0.0,0
dcsbm lognormal,3,default,spline,mean,0.021,0.0,0
dcsbm lognormal,3,default,spline,cauchy,0.008,0.0,0
dcsbm lognormal,3,elbow,polynomial,mean,0.017,0.0,0
dcsbm lognormal,3,elbow,spline,mean,0.017,0.0,0
dcsbm lognormal,3,elbow,spline,cauchy,0.017,0.0,0
dcsbm lognormal,4,default,polynomial,mean,0.022,0.0,0
dcsbm lognormal,4,default,spline,mean,0.02,0.0,0
dcsbm lognormal,4,default,spline,cauchy,0.007,0.0,0
dcsbm lognormal,4,elbow,polynomial,mean,0.02,0.0,0
dcsbm lognormal,4,elbow,spline,mean,0.02,0.0,0
dcsbm lognormal,4,elbow,spline,cauchy,0.02,0.0,0
dcsbm lognormal,5,default,polynomial,mean,0.016,0.0,0
dcsbm lognormal,5,default,spline,mean,0.013,0.0,0
dcsbm lognormal,5,default,spline,cauchy,0.006,0.0,0
dcsbm lognormal,5,elbow,polynomial,mean,0.006,0.0,0
dcsbm lognormal,5,elbow,spline,mean,0.005,0.0,0
dcsbm lognormal,5,elbow,spline,cauchy,0.006,0.0,0
dcsbm lognormal,6,default,polynomial,mean,0.01901901901901902,0.0,0
dcsbm lognormal,6,default,spline,mean,0.02002002002002002,0.0,0
dcsbm lognormal,6,default,spline,cauchy,0.006006006006006006,0.0,0
dcsbm lognormal,6,elbow,polynomial,mean,0.01001001001001001,0.0,0
dcsbm lognormal,6,elbow,spline,mean,0.01001001001001001,0.0,0
dcsbm lognormal,6,elbow,spline,cauchy,0.01001001001001001,0.0,0
dcsbm lognormal,7,default,polynomial,mean,0.012,0.0,0
dcsbm lognormal,7,default,spline,mean,0.017,0.0,0
dcsbm lognormal,7,default,spline,cauchy,0.004,0.0,0
dcsbm lognormal,7,elbow,polynomial,mean,0.014,0.0,0
dcsbm lognormal,7,elbow,spline,mean,0.014,0.0,0
dcsbm lognormal,7,elbow,spline,cauchy,0.012,0.0,0
dcsbm lognormal,8,default,polynomial,mean,0.019,0.0,0
dcsbm lognormal,8,default,spline,mean,0.021,0.0,0
dcsbm lognormal,8,default,spline,cauchy,0.012,0.0,0
dcsbm lognormal,8,elbow,polynomial,mean,0.019,0.0,0
dcsbm lognormal,8,elbow,spline,mean,0.019,0.0,0
dcsbm lognormal,8,elbow,spline,cauchy,0.019,0.0,0
dcsbm lognormal,9,default,polynomial,mean,0.016016016016016016,0.0,0
dcsbm lognormal,9,default,spline,mean,0.015015015015015015,0.0,0
dcsbm lognormal,9,default,spline,cauchy,0.008008008008008008,0.0,0
dcsbm lognormal,9,elbow,polynomial,mean,0.004004004004004004,0.0,0
dcsbm lognormal,9,elbow,spline,mean,0.004004004004004004,0.0,0
dcsbm lognormal,9,elbow,spline,cauchy,0.004004004004004004,0.0,0
dcsbm lognormal,10,default,polynomial,mean,0.02,0.0,0
dcsbm lognormal,10,default,spline,mean,0.02,0.0,0
dcsbm lognormal,10,default,spline,cauchy,0.006,0.0,0
dcsbm lognormal,10,elbow,polynomial,mean,0.011,0.0,0
dcsbm lognormal,10,elbow,spline,mean,0.011,0.0,0
dcsbm lognormal,10,elbow,spline,cauchy,0.011,0.0,0
dcsbm lognormal,11,default,polynomial,mean,0.025,0.0,0
dcsbm lognormal,11,default,spline,mean,0.028,0.0,0
dcsbm lognormal,11,default,spline,cauchy,0.019,0.0,0
dcsbm lognormal,11,elbow,polynomial,mean,0.006,0.0,0
dcsbm lognormal,11,elbow,spline,mean,0.006,0.0,0
dcsbm lognormal,11,elbow,spline,cauchy,0.006,0.0,0
dcsbm lognormal,12,default,polynomial,mean,0.025,0.0,0
dcsbm lognormal,12,default,spline,mean,0.023,0.0,0
dcsbm lognormal,12,default,spline,cauchy,0.016,0.0,0
dcsbm lognormal,12,elbow,polynomial,mean,0.003,0.0,0
dcsbm lognormal,12,elbow,spline,mean,0.003,0.0,0
dcsbm lognormal,12,elbow,spline,cauchy,0.003,0.0,0
dcsbm lognormal,13,default,polynomial,mean,0.013,0.0,0
dcsbm lognormal,13,default,spline,mean,0.013,0.0,0
dcsbm lognormal,13,default,spline,cauchy,0.005,0.0,0
dcsbm lognormal,13,elbow,polynomial,mean,0.01,0.0,0
dcsbm lognormal,13,elbow,spline,mean,0.012,0.0,0
dcsbm lognormal,13,elbow,spline,cauchy,0.012,0.0,0
dcsbm lognormal,14,default,polynomial,mean,0.011,0.0,0
dcsbm lognormal,14,default,spline,mean,0.01,0.0,0
dcsbm lognormal,14,default,spline,cauchy,0.008,0.0,0
dcsbm lognormal,14,elbow,polynomial,mean,0.011,0.0,0
dcsbm lognormal,14,elbow,spline,mean,0.014,0.0,0
dcsbm lognormal,14,elbow,spline,cauchy,0.012,0.0,0
dcsbm lognormal,15,default,polynomial,mean,0.025,0.0,0
dcsbm lognormal,15,default,spline,mean,0.029,0.0,0
dcsbm lognormal,15,default,spline,cauchy,0.01,0.0,0
dcsbm lognormal,15,elbow,polynomial,mean,0.014,0.0,0
dcsbm lognormal,15,elbow,spline,mean,0.016,0.0,0
dcsbm lognormal,15,elbow,spline,cauchy,0.015,0.0,0
dcsbm lognormal,16,default,polynomial,mean,0.012012012012012012,0.0,0
dcsbm lognormal,16,default,spline,mean,0.013013013013013013,0.0,0
dcsbm lognormal,16,default,spline,cauchy,0.006006006006006006,0.0,0
dcsbm lognormal,16,elbow,polynomial,mean,0.015015015015015015,0.0,0
dcsbm lognormal,16,elbow,spline,mean,0.015015015015015015,0.0,0
dcsbm lognormal,16,elbow,spline,cauchy,0.015015015015015015,0.0,0
dcsbm lognormal,17,default,polynomial,mean,0.018,0.0,0
dcsbm lognormal,17,default,spline,mean,0.017,0.0,0
dcsbm lognormal,17,default,spline,cauchy,0.017,0.0,0
dcsbm lognormal,17,elbow,polynomial,mean,0.021,0.0,0
dcsbm lognormal,17,elbow,spline,mean,0.021,0.0,0
dcsbm lognormal,17,elbow,spline,cauchy,0.021,0.0,0
dcsbm lognormal,18,default,polynomial,mean,0.01603206412825651,0.0,0
dcsbm lognormal,18,default,spline,mean,0.01503006012024048,0.0,0
dcsbm lognormal,18,default,spline,cauchy,0.009018036072144289,0.0,0
dcsbm lognormal,18,elbow,polynomial,mean,0.02404809619238477,0.0,0
dcsbm lognormal,18,elbow,spline,mean,0.02404809619238477,0.0,0
dcsbm lognormal,18,elbow,spline,cauchy,0.023046092184368736,0.0,0
dcsbm lognormal,19,default,polynomial,mean,0.012012012012012012,0.0,0
dcsbm lognormal,19,default,spline,mean,0.012012012012012012,0.0,0
dcsbm lognormal,19,default,spline,cauchy,0.005005005005005005,0.0,0
dcsbm lognormal,19,elbow,polynomial,mean,0.01001001001001001,0.0,0
dcsbm lognormal,19,elbow,spline,mean,0.011011011011011011,0.0,0
dcsbm lognormal,19,elbow,spline,cauchy,0.011011011011011011,0.0,0
dcsbm lognormal,20,default,polynomial,mean,0.025,0.0,0
dcsbm lognormal,20,default,spline,mean,0.026,0.0,0
dcsbm lognormal,20,default,spline,cauchy,0.016,0.0,0
dcsbm lognormal,20,elbow,polynomial,mean,0.016,0.0,0
dcsbm lognormal,20,elbow,spline,mean,0.017,0.0,0
dcsbm lognormal,20,elbow,spline,cauchy,0.017,0.0,0
dcsbm lognormal,21,default,polynomial,mean,0.031,0.0,0
dcsbm lognormal,21,default,spline,mean,0.033,0.0,0
dcsbm lognormal,21,default,spline,cauchy,0.015,0.0,0
dcsbm lognormal,21,elbow,polynomial,mean,0.018,0.0,0
dcsbm lognormal,21,elbow,spline,mean,0.016,0.0,0
dcsbm lognormal,21,elbow,spline,cauchy,0.016,0.0,0
dcsbm lognormal,22,default,polynomial,mean,0.012,0.0,0
dcsbm lognormal,22,default,spline,mean,0.011,0.0,0
dcsbm lognormal,22,default,spline,cauchy,0.004,0.0,0
dcsbm lognormal,22,elbow,polynomial,mean,0.01,0.0,0
dcsbm lognormal,22,elbow,spline,mean,0.01,0.0,0
dcsbm lognormal,22,elbow,spline,cauchy,0.01,0.0,0
dcsbm lognormal,23,default,polynomial,mean,0.016,0.0,0
dcsbm lognormal,23,default,spline,mean,0.016,0.0,0
dcsbm lognormal,23,default,spline,cauchy,0.007,0.0,0
dcsbm lognormal,23,elbow,polynomial,mean,0.012,0.0,0
dcsbm lognormal,23,elbow,spline,mean,0.015,0.0,0
dcsbm lognormal,23,elbow,spline,cauchy,0.016,0.0,0
dcsbm lognormal,24,default,polynomial,mean,0.023,0.0,0
dcsbm lognormal,24,default,spline,mean,0.023,0.0,0
dcsbm lognormal,24,default,spline,cauchy,0.009,0.0,0
dcsbm lognormal,24,elbow,polynomial,mean,0.011,0.0,0
dcsbm lognormal,24,elbow,spline,mean,0.011,0.0,0
dcsbm lognormal,24,elbow,spline,cauchy,0.011,0.0,0
dcsbm lognormal,25,default,polynomial,mean,0.014042126379137413,0.0,0
dcsbm lognormal,25,default,spline,mean,0.01905717151454363,0.0,0
dcsbm lognormal,25,default,spline,cauchy,0.006018054162487462,0.0,0
dcsbm lognormal,25,elbow,polynomial,mean,0.015045135406218655,0.0,0
dcsbm lognormal,25,elbow,spline,mean,0.014042126379137413,0.0,0
dcsbm lognormal,25,elbow,spline,cauchy,0.013039117352056168,0.0,0
dcsbm lognormal,26,default,polynomial,mean,0.009027081243731194,0.0,0
dcsbm lognormal,26,default,spline,mean,0.009027081243731194,0.0,0
dcsbm lognormal,26,default,spline,cauchy,0.0020060180541624875,0.0,0
dcsbm lognormal,26,elbow,polynomial,mean,0.011033099297893681,0.0,0
dcsbm lognormal,26,elbow,spline,mean,0.015045135406218655,0.0,0
dcsbm lognormal,26,elbow,spline,cauchy,0.015045135406218655,0.0,0
dcsbm lognormal,27,default,polynomial,mean,0.014028056112224449,0.0,0
dcsbm lognormal,27,default,spline,mean,0.013026052104208416,0.0,0
dcsbm lognormal,27,default,spline,cauchy,0.006012024048096192,0.0,0
dcsbm lognormal,27,elbow,polynomial,mean,0.01603206412825651,0.0,0
dcsbm lognormal,27,elbow,spline,mean,0.017034068136272545,0.0,0
dcsbm lognormal,27,elbow,spline,cauchy,0.017034068136272545,0.0,0
dcsbm lognormal,28,default,polynomial,mean,0.011,0.0,0
dcsbm lognormal,28,default,spline,mean,0.014,0.0,0
dcsbm lognormal,28,default,spline,cauchy,0.003,0.0,0
dcsbm lognormal,28,elbow,polynomial,mean,0.005,0.0,0
dcsbm lognormal,28,elbow,spline,mean,0.007,0.0,0
dcsbm lognormal,28,elbow,spline,cauchy,0.007,0.0,0
dcsbm lognormal,29,default,polynomial,mean,0.021,0.0,0
dcsbm lognormal,29,default,spline,mean,0.018,0.0,0
dcsbm lognormal,29,default,spline,cauchy,0.004,0.0,0
dcsbm lognormal,29,elbow,polynomial,mean,0.022,0.0,0
dcsbm lognormal,29,elbow,spline,mean,0.022,0.0,0
dcsbm lognormal,29,elbow,spline,cauchy,0.022,0.0,0
weighted dcsbm,0,default,polynomial,mean,0.008,0.0,0
weighted dcsbm,0,default,spline,mean,0.007,0.0,0
weighted dcsbm,0,default,spline,cauchy,0.005,0.0,0
weighted dcsbm,0,elbow,polynomial,mean,0.01,0.0,0
weighted dcsbm,0,elbow,spline,mean,0.01,0.0,0
weighted dcsbm,0,elbow,spline,cauchy,0.01,0.0,0
weighted dcsbm,1,default,polynomial,mean,0.027,0.0,0
weighted dcsbm,1,default,spline,mean,0.027,0.0,0
weighted dcsbm,1,default,spline,cauchy,0.011,0.0,0
weighted dcsbm,1,elbow,polynomial,mean,0.018,0.0,0
weighted dcsbm,1,elbow,spline,mean,0.016,0.0,0
weighted dcsbm,1,elbow,spline,cauchy,0.018,0.0,0
weighted dcsbm,2,default,polynomial,mean,0.019,0.0,0
weighted dcsbm,2,default,spline,mean,0.021,0.0,0
weighted dcsbm,2,default,spline,cauchy,0.006,0.0,0
weighted dcsbm,2,elbow,polynomial,mean,0.018,0.0,0
weighted dcsbm,2,elbow,spline,mean,0.018,0.0,0
weighted dcsbm,2,elbow,spline,cauchy,0.019,0.0,0
weighted dcsbm,3,default,polynomial,mean,0.027,0.0,0
weighted dcsbm,3,default,spline,mean,0.027,0.0,0
weighted dcsbm,3,default,spline,cauchy,0.008,0.0,0
weighted dcsbm,3,elbow,polynomial,mean,0.02,0.0,0
weighted dcsbm,3,elbow,spline,mean,0.018,0.0,0
weighted dcsbm,3,elbow,spline,cauchy,0.017,0.0,0
weighted dcsbm,4,default,polynomial,mean,0.01,0.0,0
weighted dcsbm,4,default,spline,mean,0.011,0.0,0
weighted dcsbm,4,default,spline,cauchy,0.004,0.0,0
weighted dcsbm,4,elbow,polynomial,mean,0.011,0.0,0
weighted dcsbm,4,elbow,spline,mean,0.011,0.0,0
weighted dcsbm,4,elbow,spline,cauchy,0.011,0.0,0
weighted dcsbm,5,default,polynomial,mean,0.017,0.0,0
weighted dcsbm,5,default,spline,mean,0.018,0.0,0
weighted dcsbm,5,default,spline,cauchy,0.007,0.0,0
weighted dcsbm,5,elbow,polynomial,mean,0.023,0.0,0
weighted dcsbm,5,elbow,spline,mean,0.023,0.0,0
weighted dcsbm,5,elbow,spline,cauchy,0.024,0.0,0
weighted dcsbm,6,default,polynomial,mean,0.015,0.0,0
weighted dcsbm,6,default,spline,mean,0.016,0.0,0
weighted dcsbm,6,default,spline,cauchy,0.004,0.0,0
weighted dcsbm,6,elbow,polynomial,mean,0.013,0.0,0
weighted dcsbm,6,elbow,spline,mean,0.013,0.0,0
weighted dcsbm,6,elbow,spline,cauchy,0.013,0.0,0
weighted dcsbm,7,default,polynomial,mean,0.018,0.0,0
weighted dcsbm,7,default,spline,mean,0.018,0.0,0
weighted dcsbm,7,default,spline,cauchy,0.005,0.0,0
weighted dcsbm,7,elbow,polynomial,mean,0.021,0.0,0
weighted dcsbm,7,elbow,spline,mean,0.02,0.0,0
weighted dcsbm,7,elbow,spline,cauchy,0.021,0.0,0
weighted dcsbm,8,default,polynomial,mean,0.01,0.0,0
weighted dcsbm,8,default,spline,mean,0.011,0.0,0
weighted dcsbm,8,default,spline,cauchy,0.004,0.001,0
weighted dcsbm,8,elbow,polynomial,mean,0.02,0.0,0
weighted dcsbm,8,elbow,spline,mean,0.018,0.0,0
weighted dcsbm,8,elbow,spline,cauchy,0.018,0.0,0
weighted dcsbm,9,default,polynomial,mean,0.017,0.0,0
weighted dcsbm,9,default,spline,mean,0.017,0.0,0
weighted dcsbm,9,default,spline,cauchy,0.008,0.0,0
weighted dcsbm,9,elbow,polynomial,mean,0.011,0.0,0
weighted dcsbm,9,elbow,spline,mean,0.011,0.0,0
weighted dcsbm,9,elbow,spline,cauchy,0.011,0.0,0
weighted dcsbm,10,default,polynomial,mean,0.011,0.0,0
weighted dcsbm,10,default,spline,mean,0.01,0.0,0
weighted dcsbm,10,default,spline,cauchy,0.003,0.0,0
weighted dcsbm,10,elbow,polynomial,mean,0.009,0.0,0
weighted dcsbm,10,elbow,spline,mean,0.01,0.0,0
weighted dcsbm,10,elbow,spline,cauchy,0.01,0.0,0
weighted dcsbm,11,default,polynomial,mean,0.028,0.0,0
weighted dcsbm,11,default,spline,mean,0.028,0.0,0
weighted dcsbm,11,default,spline,cauchy,0.009,0.0,0
weighted dcsbm,11,elbow,polynomial,mean,0.014,0.0,0
weighted dcsbm,11,elbow,spline,mean,0.014,0.0,0
weighted dcsbm,11,elbow,spline,cauchy,0.013,0.0,0
weighted dcsbm,12,default,polynomial,mean,0.006,0.0,0
weighted dcsbm,12,default,spline,mean,0.008,0.0,0
weighted dcsbm,12,default,spline,cauchy,0.002,0.0,0
weighted dcsbm,12,elbow,polynomial,mean,0.037,0.0,0
weighted dcsbm,12,elbow,spline,mean,0.039,0.0,0
weighted dcsbm,12,elbow,spline,cauchy,0.039,0.0,0
weighted dcsbm,13,default,polynomial,mean,0.019,0.0,0
weighted dcsbm,13,default,spline,mean,0.021,0.0,0
weighted dcsbm,13,default,spline,cauchy,0.01,0.0,0
weighted dcsbm,13,elbow,polynomial,mean,0.029,0.0,0
weighted dcsbm,13,elbow,spline,mean,0.028,0.0,0
weighted dcsbm,13,elbow,spline,cauchy,0.029,0.0,0
weighted dcsbm,14,default,polynomial,mean,0.01,0.0,0
weighted dcsbm,14,default,spline,mean,0.011,0.0,0
weighted dcsbm,14,default,spline,cauchy,0.003,0.0,0
weighted dcsbm,14,elbow,polynomial,mean,0.017,0.0,0
weighted dcsbm,14,elbow,spline,mean,0.022,0.0,0
weighted dcsbm,14,elbow,spline,cauchy,0.022,0.0,0
weighted dcsbm,15,default,polynomial,mean,0.022,0.0,0
weighted dcsbm,15,default,spline,mean,0.022,0.0,0
weighted dcsbm,15,default,spline,cauchy,0.009,0.0,0
weighted dcsbm,15,elbow,polynomial,mean,0.027,0.0,0
weighted dcsbm,15,elbow,spline,mean,0.028,0.0,0
weighted dcsbm,15,elbow,spline,cauchy,0.029,0.0,0
weighted dcsbm,16,default,polynomial,mean,0.015,0.0,0
weighted dcsbm,16,default,spline,mean,0.015,0.001,0
weighted dcsbm,16,default,spline,cauchy,0.005,0.0,0
weighted dcsbm,16,elbow,polynomial,mean,0.005,0.0,0
weighted dcsbm,16,elbow,spline,mean,0.005,0.0,0
weighted dcsbm,16,elbow,spline,cauchy,0.005,0.0,0
weighted dcsbm,17,default,polynomial,mean,0.02,0.0,0
weighted dcsbm,17,default,spline,mean,0.017,0.0,0
weighted dcsbm,17,default,spline,cauchy,0.01,0.0,0
weighted dcsbm,17,elbow,polynomial,mean,0.019,0.0,0
weighted dcsbm,17,elbow,spline,mean,0.019,0.0,0
weighted dcsbm,17,elbow,spline,cauchy,0.019,0.0,0
weighted dcsbm,18,default,polynomial,mean,0.005,0.0,0
weighted dcsbm,18,default,spline,mean,0.006,0.0,0
weighted dcsbm,18,default,spline,cauchy,0.003,0.0,0
weighted dcsbm,18,elbow,polynomial,mean,0.007,0.0,0
weighted dcsbm,18,elbow,spline,mean,0.008,0.0,0
weighted dcsbm,18,elbow,spline,cauchy,0.008,0.0,0
weighted dcsbm,19,default,polynomial,mean,0.012,0.0,0
weighted dcsbm,19,default,spline,mean,0.012,0.0,0
weighted dcsbm,19,default,spline,cauchy,0.008,0.0,0
weighted dcsbm,19,elbow,polynomial,mean,0.016,0.0,0
weighted dcsbm,19,elbow,spline,mean,0.016,0.0,0
weighted dcsbm,19,elbow,spline,cauchy,0.017,0.0,0
weighted dcsbm,20,default,polynomial,mean,0.018,0.0,0
weighted dcsbm,20,default,spline,mean,0.016,0.0,0
weighted dcsbm,20,default,spline,cauchy,0.008,0.0,0
weighted dcsbm,20,elbow,polynomial,mean,0.026,0.0,0
weighted dcsbm,20,elbow,spline,mean,0.026,0.0,0
weighted dcsbm,20,elbow,spline,cauchy,0.027,0.0,0
weighted dcsbm,21,default,polynomial,mean,0.019,0.0,0
weighted dcsbm,21,default,spline,mean,0.018,0.0,0
weighted dcsbm,21,default,spline,cauchy,0.009,0.0,0
weighted dcsbm,21,elbow,polynomial,mean,0.012,0.0,0
weighted dcsbm,21,elbow,spline,mean,0.012,0.0,0
weighted dcsbm,21,elbow,spline,cauchy,0.012,0.0,0
weighted dcsbm,22,default,polynomial,mean,0.015,0.0,0
weighted dcsbm,22,default,spline,mean,0.015,0.0,0
weighted dcsbm,22,default,spline,cauchy,0.006,0.0,0
weighted dcsbm,22,elbow,polynomial,mean,0.016,0.0,0
weighted dcsbm,22,elbow,spline,mean,0.015,0.0,0
weighted dcsbm,22,elbow,spline,cauchy,0.016,0.0,0
weighted dcsbm,23,default,polynomial,mean,0.007,0.0,0
weighted dcsbm,23,default,spline,mean,0.009,0.0,0
weighted dcsbm,23,default,spline,cauchy,0.002,0.0,0
weighted dcsbm,23,elbow,polynomial,mean,0.013,0.0,0
weighted dcsbm,23,elbow,spline,mean,0.013,0.0,0
weighted dcsbm,23,elbow,spline,cauchy,0.013,0.0,0
weighted dcsbm,24,default,polynomial,mean,0.017,0.0,0
weighted dcsbm,24,default,spline,mean,0.015,0.0,0
weighted dcsbm,24,default,spline,cauchy,0.006,0.0,0
weighted dcsbm,24,elbow,polynomial,mean,0.016,0.0,0
weighted dcsbm,24,elbow,spline,mean,0.012,0.0,0
weighted dcsbm,24,elbow,spline,cauchy,0.011,0.0,0
weighted dcsbm,25,default,polynomial,mean,0.021,0.0,0
weighted dcsbm,25,default,spline,mean,0.021,0.0,0
weighted dcsbm,25,default,spline,cauchy,0.012,0.0,0
weighted dcsbm,25,elbow,polynomial,mean,0.024,0.0,0
weighted dcsbm,25,elbow,spline,mean,0.025,0.0,0
weighted dcsbm,25,elbow,spline,cauchy,0.024,0.0,0
weighted dcsbm,26,default,polynomial,mean,0.01,0.0,0
weighted dcsbm,26,default,spline,mean,0.01,0.0,0
weighted dcsbm,26,default,spline,cauchy,0.004,0.0,0
weighted dcsbm,26,elbow,polynomial,mean,0.013,0.0,0
weighted dcsbm,26,elbow,spline,mean,0.013,0.0,0
weighted dcsbm,26,elbow,spline,cauchy,0.013,0.0,0
weighted dcsbm,27,default,polynomial,mean,0.014,0.0,0
weighted dcsbm,27,default,spline,mean,0.014,0.0,0
weighted dcsbm,27,default,spline,cauchy,0.006,0.0,0
weighted dcsbm,27,elbow,polynomial,mean,0.032,0.0,0
weighted dcsbm,27,elbow,spline,mean,0.029,0.0,0
weighted dcsbm,27,elbow,spline,cauchy,0.03,0.0,0
weighted dcsbm,28,default,polynomial,mean,0.019,0.0,0
weighted dcsbm,28,default,spline,mean,0.019,0.0,0
weighted dcsbm,28,default,spline,cauchy,0.006,0.0,0
weighted dcsbm,28,elbow,polynomial,mean,0.011,0.0,0
weighted dcsbm,28,elbow,spline,mean,0.011,0.0,0
weighted dcsbm,28,elbow,spline,cauchy,0.011,0.0,0
weighted dcsbm,29,default,polynomial,mean,0.016,0.0,0
weighted dcsbm,29,default,spline,mean,0.015,0.0,0
weighted dcsbm,29,default,spline,cauchy,0.011,0.001,1
weighted dcsbm,29,elbow,polynomial,mean,0.02,0.0,0
weighted dcsbm,29,elbow,spline,mean,0.02,0.0,0
weighted dcsbm,29,elbow,spline,cauchy,0.018,0.0,0
coexpression 60,0,default,polynomial,mean,0.02,0.0,0
coexpression 60,0,default,spline,mean,0.02,0.0,0
coexpression 60,0,default,spline,cauchy,0.01,0.0,0
coexpression 60,0,elbow,polynomial,mean,0.0425,0.0025,0
coexpression 60,0,elbow,spline,mean,0.0325,0.0,0
coexpression 60,0,elbow,spline,cauchy,0.0325,0.0,0
coexpression 60,1,default,polynomial,mean,0.02875,0.0,0
coexpression 60,1,default,spline,mean,0.03,0.0,0
coexpression 60,1,default,spline,cauchy,0.01375,0.0,0
coexpression 60,1,elbow,polynomial,mean,0.05375,0.01,8
coexpression 60,1,elbow,spline,mean,0.04125,0.0,0
coexpression 60,1,elbow,spline,cauchy,0.04125,0.0,0
coexpression 60,2,default,polynomial,mean,0.01625,0.0,0
coexpression 60,2,default,spline,mean,0.015,0.0,0
coexpression 60,2,default,spline,cauchy,0.00375,0.0,0
coexpression 60,2,elbow,polynomial,mean,0.0325,0.0025,0
coexpression 60,2,elbow,spline,mean,0.02625,0.0,0
coexpression 60,2,elbow,spline,cauchy,0.02625,0.0,0
coexpression 60,3,default,polynomial,mean,0.01125,0.0,0
coexpression 60,3,default,spline,mean,0.0125,0.0,0
coexpression 60,3,default,spline,cauchy,0.005,0.0,0
coexpression 60,3,elbow,polynomial,mean,0.04125,0.0075,6
coexpression 60,3,elbow,spline,mean,0.0275,0.00125,1
coexpression 60,3,elbow,spline,cauchy,0.0275,0.00125,1
coexpression 60,4,default,polynomial,mean,0.02125,0.0,0
coexpression 60,4,default,spline,mean,0.015,0.0,0
coexpression 60,4,default,spline,cauchy,0.01125,0.0,0
coexpression 60,4,elbow,polynomial,mean,0.05,0.015,12
coexpression 60,4,elbow,spline,mean,0.045,0.00125,0
coexpression 60,4,elbow,spline,cauchy,0.04625,0.0025,0
coexpression 60,5,default,polynomial,mean,0.02,0.0,0
coexpression 60,5,default,spline,mean,0.02,0.0,0
coexpression 60,5,default,spline,cauchy,0.0075,0.0,0
coexpression 60,5,elbow,polynomial,mean,0.03375,0.00375,3
coexpression 60,5,elbow,spline,mean,0.0275,0.0,0
coexpression 60,5,elbow,spline,cauchy,0.0275,0.0,0
coexpression 60,6,default,polynomial,mean,0.01375,0.0,0
coexpression 60,6,default,spline,mean,0.0125,0.0,0
coexpression 60,6,default,spline,cauchy,0.005,0.0,0
coexpression 60,6,elbow,polynomial,mean,0.04875,0.005,3
coexpression 60,6,elbow,spline,mean,0.0375,0.0,0
coexpression 60,6,elbow,spline,cauchy,0.0375,0.0,0
coexpression 60,7,default,polynomial,mean,0.0075,0.0,0
coexpression 60,7,default,spline,mean,0.0075,0.0,0
coexpression 60,7,default,spline,cauchy,0.00375,0.0,0
coexpression 60,7,elbow,polynomial,mean,0.0375,0.0025,0
coexpression 60,7,elbow,spline,mean,0.0375,0.0,0
coexpression 60,7,elbow,spline,cauchy,0.0375,0.0,0
coexpression 60,8,default,polynomial,mean,0.0125,0.0,0
coexpression 60,8,default,spline,mean,0.01,0.0,0
coexpression 60,8,default,spline,cauchy,0.00625,0.0,0
coexpression 60,8,elbow,polynomial,mean,0.04125,0.00125,0
coexpression 60,8,elbow,spline,mean,0.0375,0.0,0
coexpression 60,8,elbow,spline,cauchy,0.03625,0.0,0
coexpression 60,9,default,polynomial,mean,0.00625,0.0,0
coexpression 60,9,default,spline,mean,0.005,0.0,0
coexpression 60,9,default,spline,cauchy,0.00625,0.0,0
coexpression 60,9,elbow,polynomial,mean,0.03375,0.00875,6
coexpression 60,9,elbow,spline,mean,0.025,0.0025,0
coexpression 60,9,elbow,spline,cauchy,0.02375,0.0025,0
coexpression 60,10,default,polynomial,mean,0.01125,0.0,0
coexpression 60,10,default,spline,mean,0.01,0.0,0
coexpression 60,10,default,spline,cauchy,0.00625,0.0,0
coexpression 60,10,elbow,polynomial,mean,0.03375,0.00375,1
coexpression 60,10,elbow,spline,mean,0.03125,0.0,0
coexpression 60,10,elbow,spline,cauchy,0.03,0.0,0
coexpression 60,11,default,polynomial,mean,0.02,0.0,0
coexpression 60,11,default,spline,mean,0.02,0.0,0
coexpression 60,11,default,spline,cauchy,0.00625,0.0,0
coexpression 60,11,elbow,polynomial,mean,0.0425,0.0025,1
coexpression 60,11,elbow,spline,mean,0.02625,0.0,0
coexpression 60,11,elbow,spline,cauchy,0.02375,0.0,0
coexpression 60,12,default,polynomial,mean,0.015,0.0,0
coexpression 60,12,default,spline,mean,0.0125,0.0,0
coexpression 60,12,default,spline,cauchy,0.00875,0.0,0
coexpression 60,12,elbow,polynomial,mean,0.0375,0.0075,6
coexpression 60,12,elbow,spline,mean,0.0375,0.0,0
coexpression 60,12,elbow,spline,cauchy,0.03875,0.0,0
coexpression 60,13,default,polynomial,mean,0.03,0.0,0
coexpression 60,13,default,spline,mean,0.02625,0.0,0
coexpression 60,13,default,spline,cauchy,0.0075,0.0,0
coexpression 60,13,elbow,polynomial,mean,0.05375,0.00375,2
coexpression 60,13,elbow,spline,mean,0.04875,0.0,0
coexpression 60,13,elbow,spline,cauchy,0.0475,0.0,0
coexpression 60,14,default,polynomial,mean,0.02125,0.0,0
coexpression 60,14,default,spline,mean,0.01875,0.0,0
coexpression 60,14,default,spline,cauchy,0.01125,0.0,0
coexpression 60,14,elbow,polynomial,mean,0.045,0.00625,5
coexpression 60,14,elbow,spline,mean,0.04,0.00125,0
coexpression 60,14,elbow,spline,cauchy,0.03625,0.00125,0
coexpression 60,15,default,polynomial,mean,0.02125,0.00125,0
coexpression 60,15,default,spline,mean,0.0225,0.00125,0
coexpression 60,15,default,spline,cauchy,0.01375,0.0,0
coexpression 60,15,elbow,polynomial,mean,0.04125,0.00875,7
coexpression 60,15,elbow,spline,mean,0.0325,0.0,0
coexpression 60,15,elbow,spline,cauchy,0.0325,0.0,0
coexpression 60,16,default,polynomial,mean,0.01875,0.0,0
coexpression 60,16,default,spline,mean,0.0175,0.0,0
coexpression 60,16,default,spline,cauchy,0.00625,0.0,0
coexpression 60,16,elbow,polynomial,mean,0.03625,0.0025,2
coexpression 60,16,elbow,spline,mean,0.03375,0.0,0
coexpression 60,16,elbow,spline,cauchy,0.03,0.0,0
coexpression 60,17,default,polynomial,mean,0.01375,0.0,0
coexpression 60,17,default,spline,mean,0.00875,0.0,0
coexpression 60,17,default,spline,cauchy,0.00875,0.0,0
coexpression 60,17,elbow,polynomial,mean,0.0425,0.00875,7
coexpression 60,17,elbow,spline,mean,0.03625,0.0,0
coexpression 60,17,elbow,spline,cauchy,0.03625,0.0,0
coexpression 60,18,default,polynomial,mean,0.00875,0.0,0
coexpression 60,18,default,spline,mean,0.00875,0.0,0
coexpression 60,18,default,spline,cauchy,0.0,0.0,0
coexpression 60,18,elbow,polynomial,mean,0.025,0.00125,0
coexpression 60,18,elbow,spline,mean,0.02375,0.0,0
coexpression 60,18,elbow,spline,cauchy,0.02375,0.0,0
coexpression 60,19,default,polynomial,mean,0.0125,0.0,0
coexpression 60,19,default,spline,mean,0.01125,0.0,0
coexpression 60,19,default,spline,cauchy,0.00875,0.0,0
coexpression 60,19,elbow,polynomial,mean,0.04375,0.005,3
coexpression 60,19,elbow,spline,mean,0.02875,0.0,0
coexpression 60,19,elbow,spline,cauchy,0.03,0.0,0
coexpression 60,20,default,polynomial,mean,0.02125,0.0,0
coexpression 60,20,default,spline,mean,0.02125,0.0,0
coexpression 60,20,default,spline,cauchy,0.0175,0.0,0
coexpression 60,20,elbow,polynomial,mean,0.05375,0.00875,6
coexpression 60,20,elbow,spline,mean,0.04375,0.00375,0
coexpression 60,20,elbow,spline,cauchy,0.04375,0.00375,0
coexpression 60,21,default,polynomial,mean,0.01875,0.0,0
coexpression 60,21,default,spline,mean,0.01875,0.0,0
coexpression 60,21,default,spline,cauchy,0.00375,0.0,0
coexpression 60,21,elbow,polynomial,mean,0.05,0.01375,13
coexpression 60,21,elbow,spline,mean,0.03375,0.0025,0
coexpression 60,21,elbow,spline,cauchy,0.03,0.0025,0
coexpression 60,22,default,polynomial,mean,0.035,0.00125,0
coexpression 60,22,default,spline,mean,0.03125,0.0,0
coexpression 60,22,default,spline,cauchy,0.015,0.0,0
coexpression 60,22,elbow,polynomial,mean,0.0425,0.01,8
coexpression 60,22,elbow,spline,mean,0.03375,0.0,0
coexpression 60,22,elbow,spline,cauchy,0.03375,0.0,0
coexpression 60,23,default,polynomial,mean,0.025,0.0,0
coexpression 60,23,default,spline,mean,0.0225,0.0,0
coexpression 60,23,default,spline,cauchy,0.0075,0.0,0
coexpression 60,23,elbow,polynomial,mean,0.03375,0.00375,1
coexpression 60,23,elbow,spline,mean,0.02875,0.0,0
coexpression 60,23,elbow,spline,cauchy,0.03,0.0,0
coexpression 60,24,default,polynomial,mean,0.01875,0.0,0
coexpression 60,24,default,spline,mean,0.0175,0.0,0
coexpression 60,24,default,spline,cauchy,0.00625,0.0,0
coexpression 60,24,elbow,polynomial,mean,0.03375,0.00875,6
coexpression 60,24,elbow,spline,mean,0.025,0.0,0
coexpression 60,24,elbow,spline,cauchy,0.025,0.0,0
coexpression 60,25,default,polynomial,mean,0.015,0.0,0
coexpression 60,25,default,spline,mean,0.0125,0.0,0
coexpression 60,25,default,spline,cauchy,0.01,0.0,0
coexpression 60,25,elbow,polynomial,mean,0.06,0.01625,14
coexpression 60,25,elbow,spline,mean,0.04125,0.00125,0
coexpression 60,25,elbow,spline,cauchy,0.04125,0.0025,0
coexpression 60,26,default,polynomial,mean,0.01125,0.0,0
coexpression 60,26,default,spline,mean,0.0125,0.0,0
coexpression 60,26,default,spline,cauchy,0.00625,0.0,0
coexpression 60,26,elbow,polynomial,mean,0.015,0.0,0
coexpression 60,26,elbow,spline,mean,0.0125,0.0,0
coexpression 60,26,elbow,spline,cauchy,0.0125,0.0,0
coexpression 60,27,default,polynomial,mean,0.0325,0.0,0
coexpression 60,27,default,spline,mean,0.03,0.0,0
coexpression 60,27,default,spline,cauchy,0.01625,0.0,0
coexpression 60,27,elbow,polynomial,mean,0.03875,0.00625,5
coexpression 60,27,elbow,spline,mean,0.0225,0.0,0
coexpression 60,27,elbow,spline,cauchy,0.02125,0.0,0
coexpression 60,28,default,polynomial,mean,0.01,0.0,0
coexpression 60,28,default,spline,mean,0.01125,0.0,0
coexpression 60,28,default,spline,cauchy,0.0125,0.0,0
coexpression 60,28,elbow,polynomial,mean,0.04625,0.0075,6
coexpression 60,28,elbow,spline,mean,0.0425,0.0,0
coexpression 60,28,elbow,spline,cauchy,0.04125,0.0,0
coexpression 60,29,default,polynomial,mean,0.03125,0.0,0
coexpression 60,29,default,spline,mean,0.03125,0.0,0
coexpression 60,29,default,spline,cauchy,0.0125,0.0,0
coexpression 60,29,elbow,polynomial,mean,0.04375,0.00375,0
coexpression 60,29,elbow,spline,mean,0.04875,0.0025,0
coexpression 60,29,elbow,spline,cauchy,0.0475,0.0025,0
coexpression 150,0,default,polynomial,mean,0.01125,0.0,0
coexpression 150,0,default,spline,mean,0.01,0.0,0
coexpression 150,0,default,spline,cauchy,0.0125,0.0,0
coexpression 150,0,elbow,polynomial,mean,0.04125,0.0,0
coexpression 150,0,elbow,spline,mean,0.03875,0.00125,0
coexpression 150,0,elbow,spline,cauchy,0.0425,0.00125,0
coexpression 150,1,default,polynomial,mean,0.00375,0.0,0
coexpression 150,1,default,spline,mean,0.00375,0.0,0
coexpression 150,1,default,spline,cauchy,0.0125,0.00125,0
coexpression 150,1,elbow,polynomial,mean,0.0875,0.03,35
coexpression 150,1,elbow,spline,mean,0.08125,0.01875,25
coexpression 150,1,elbow,spline,cauchy,0.0825,0.02125,28
coexpression 150,2,default,polynomial,mean,0.0175,0.0,0
coexpression 150,2,default,spline,mean,0.01375,0.0,0
coexpression 150,2,default,spline,cauchy,0.00875,0.0,0
coexpression 150,2,elbow,polynomial,mean,0.04,0.00125,1
coexpression 150,2,elbow,spline,mean,0.04125,0.0025,1
coexpression 150,2,elbow,spline,cauchy,0.04,0.00125,1
coexpression 150,3,default,polynomial,mean,0.00875,0.0,0
coexpression 150,3,default,spline,mean,0.00625,0.0,0
coexpression 150,3,default,spline,cauchy,0.00625,0.00125,1
coexpression 150,3,elbow,polynomial,mean,0.04,0.0,0
coexpression 150,3,elbow,spline,mean,0.0425,0.0,0
coexpression 150,3,elbow,spline,cauchy,0.0425,0.0,0
coexpression 150,4,default,polynomial,mean,0.00875,0.0,0
coexpression 150,4,default,spline,mean,0.00625,0.0,0
coexpression 150,4,default,spline,cauchy,0.005,0.0,0
coexpression 150,4,elbow,polynomial,mean,0.0325,0.0,0
coexpression 150,4,elbow,spline,mean,0.0425,0.0,0
coexpression 150,4,elbow,spline,cauchy,0.04125,0.0,0
coexpression 150,5,default,polynomial,mean,0.01,0.0,0
coexpression 150,5,default,spline,mean,0.0075,0.0,0
coexpression 150,5,default,spline,cauchy,0.0075,0.0,0
coexpression 150,5,elbow,polynomial,mean,0.02875,0.0,0
coexpression 150,5,elbow,spline,mean,0.03,0.0,0
coexpression 150,5,elbow,spline,cauchy,0.03125,0.0,0
coexpression 150,6,default,polynomial,mean,0.01125,0.0,0
coexpression 150,6,default,spline,mean,0.0125,0.0,0
coexpression 150,6,default,spline,cauchy,0.0,0.0,0
coexpression 150,6,elbow,polynomial,mean,0.02375,0.0,0
coexpression 150,6,elbow,spline,mean,0.0225,0.0,0
coexpression 150,6,elbow,spline,cauchy,0.02,0.0,0
coexpression 150,7,default,polynomial,mean,0.02875,0.0,0
coexpression 150,7,default,spline,mean,0.03,0.0,0
coexpression 150,7,default,spline,cauchy,0.015,0.0,0
coexpression 150,7,elbow,polynomial,mean,0.045,0.00125,0
coexpression 150,7,elbow,spline,mean,0.0275,0.0,0
coexpression 150,7,elbow,spline,cauchy,0.0275,0.0,0
coexpression 150,8,default,polynomial,mean,0.02,0.0,0
coexpression 150,8,default,spline,mean,0.02,0.0,0
coexpression 150,8,default,spline,cauchy,0.0425,0.00125,0
coexpression 150,8,elbow,polynomial,mean,0.02125,0.0,0
coexpression 150,8,elbow,spline,mean,0.0175,0.0,0
coexpression 150,8,elbow,spline,cauchy,0.0175,0.0,0
coexpression 150,9,default,polynomial,mean,0.02875,0.0,0
coexpression 150,9,default,spline,mean,0.0275,0.0,0
coexpression 150,9,default,spline,cauchy,0.0075,0.0,0
coexpression 150,9,elbow,polynomial,mean,0.0225,0.0,0
coexpression 150,9,elbow,spline,mean,0.0175,0.0,0
coexpression 150,9,elbow,spline,cauchy,0.01625,0.0,0
coexpression 150,10,default,polynomial,mean,0.03375,0.00125,0
coexpression 150,10,default,spline,mean,0.0325,0.0,0
coexpression 150,10,default,spline,cauchy,0.0125,0.0,0
coexpression 150,10,elbow,polynomial,mean,0.04,0.00125,0
coexpression 150,10,elbow,spline,mean,0.04,0.00125,0
coexpression 150,10,elbow,spline,cauchy,0.03875,0.00125,0
coexpression 150,11,default,polynomial,mean,0.00875,0.0,0
coexpression 150,11,default,spline,mean,0.00875,0.0,0
coexpression 150,11,default,spline,cauchy,0.00375,0.0,0
coexpression 150,11,elbow,polynomial,mean,0.04,0.0,0
coexpression 150,11,elbow,spline,mean,0.0425,0.0,0
coexpression 150,11,elbow,spline,cauchy,0.04375,0.0,0
coexpression 150,12,default,polynomial,mean,0.015,0.0,0
coexpression 150,12,default,spline,mean,0.01875,0.0,0
coexpression 150,12,default,spline,cauchy,0.0075,0.0,0
coexpression 150,12,elbow,polynomial,mean,0.04,0.0,0
coexpression 150,12,elbow,spline,mean,0.03875,0.0,0
coexpression 150,12,elbow,spline,cauchy,0.04,0.0,0
coexpression 150,13,default,polynomial,mean,0.015,0.0,0
coexpression 150,13,default,spline,mean,0.01625,0.0,0
coexpression 150,13,default,spline,cauchy,0.01,0.00125,1
coexpression 150,13,elbow,polynomial,mean,0.03125,0.00125,0
coexpression 150,13,elbow,spline,mean,0.02875,0.00125,0
coexpression 150,13,elbow,spline,cauchy,0.02875,0.00125,0
coexpression 150,14,default,polynomial,mean,0.01375,0.0,0
coexpression 150,14,default,spline,mean,0.00875,0.0,0
coexpression 150,14,default,spline,cauchy,0.0025,0.0,0
coexpression 150,14,elbow,polynomial,mean,0.0325,0.0,0
coexpression 150,14,elbow,spline,mean,0.03125,0.0,0
coexpression 150,14,elbow,spline,cauchy,0.03375,0.00125,0
coexpression 150,15,default,polynomial,mean,0.01875,0.0,0
coexpression 150,15,default,spline,mean,0.01875,0.0,0
coexpression 150,15,default,spline,cauchy,0.005,0.0,0
coexpression 150,15,elbow,polynomial,mean,0.035,0.0,0
coexpression 150,15,elbow,spline,mean,0.035,0.0,0
coexpression 150,15,elbow,spline,cauchy,0.035,0.0,0
coexpression 150,16,default,polynomial,mean,0.01125,0.0,0
coexpression 150,16,default,spline,mean,0.00625,0.0,0
coexpression 150,16,default,spline,cauchy,0.005,0.0,0
coexpression 150,16,elbow,polynomial,mean,0.04875,0.0025,0
coexpression 150,16,elbow,spline,mean,0.045,0.00125,0
coexpression 150,16,elbow,spline,cauchy,0.045,0.00125,0
coexpression 150,17,default,polynomial,mean,0.03,0.0,0
coexpression 150,17,default,spline,mean,0.0275,0.0,0
coexpression 150,17,default,spline,cauchy,0.035,0.0,0
coexpression 150,17,elbow,polynomial,mean,0.02375,0.0,0
coexpression 150,17,elbow,spline,mean,0.02,0.0,0
coexpression 150,17,elbow,spline,cauchy,0.01875,0.0,0
coexpression 150,18,default,polynomial,mean,0.0075,0.0,0
coexpression 150,18,default,spline,mean,0.0075,0.0,0
coexpression 150,18,default,spline,cauchy,0.05375,0.00125,1
coexpression 150,18,elbow,polynomial,mean,0.03,0.0,0
coexpression 150,18,elbow,spline,mean,0.02375,0.0,0
coexpression 150,18,elbow,spline,cauchy,0.0225,0.0,0
coexpression 150,19,default,polynomial,mean,0.00375,0.0,0
coexpression 150,19,default,spline,mean,0.0025,0.0,0
coexpression 150,19,default,spline,cauchy,0.00625,0.00125,0
coexpression 150,19,elbow,polynomial,mean,0.0375,0.00125,1
coexpression 150,19,elbow,spline,mean,0.03,0.0,0
coexpression 150,19,elbow,spline,cauchy,0.03,0.0,0
coexpression 150,20,default,polynomial,mean,0.0225,0.0,0
coexpression 150,20,default,spline,mean,0.025,0.0,0
coexpression 150,20,default,spline,cauchy,0.005,0.0,0
coexpression 150,20,elbow,polynomial,mean,0.03375,0.0,0
coexpression 150,20,elbow,spline,mean,0.03375,0.0,0
coexpression 150,20,elbow,spline,cauchy,0.035,0.0,0
coexpression 150,21,default,polynomial,mean,0.00875,0.0,0
coexpression 150,21,default,spline,mean,0.01,0.0,0
coexpression 150,21,default,spline,cauchy,0.01875,0.0,0
coexpression 150,21,elbow,polynomial,mean,0.025,0.0,0
coexpression 150,21,elbow,spline,mean,0.03125,0.0,0
coexpression 150,21,elbow,spline,cauchy,0.02875,0.0,0
coexpression 150,22,default,polynomial,mean,0.01125,0.0,0
coexpression 150,22,default,spline,mean,0.01,0.0,0
coexpression 150,22,default,spline,cauchy,0.0075,0.0,0
coexpression 150,22,elbow,polynomial,mean,0.03125,0.0,0
coexpression 150,22,elbow,spline,mean,0.035,0.0,0
coexpression 150,22,elbow,spline,cauchy,0.0375,0.0,0
coexpression 150,23,default,polynomial,mean,0.015,0.0,0
coexpression 150,23,default,spline,mean,0.0175,0.0,0
coexpression 150,23,default,spline,cauchy,0.005,0.0,0
coexpression 150,23,elbow,polynomial,mean,0.04625,0.0025,0
coexpression 150,23,elbow,spline,mean,0.05125,0.0025,1
coexpression 150,23,elbow,spline,cauchy,0.05375,0.0025,1
coexpression 150,24,default,polynomial,mean,0.01375,0.0,0
coexpression 150,24,default,spline,mean,0.01375,0.0,0
coexpression 150,24,default,spline,cauchy,0.00375,0.0,0
coexpression 150,24,elbow,polynomial,mean,0.025,0.0,0
coexpression 150,24,elbow,spline,mean,0.02375,0.0,0
coexpression 150,24,elbow,spline,cauchy,0.02,0.0,0
coexpression 150,25,default,polynomial,mean,0.01125,0.0,0
coexpression 150,25,default,spline,mean,0.01,0.0,0
coexpression 150,25,default,spline,cauchy,0.005,0.0,0
coexpression 150,25,elbow,polynomial,mean,0.055,0.02,19
coexpression 150,25,elbow,spline,mean,0.0525,0.00875,7
coexpression 150,25,elbow,spline,cauchy,0.0475,0.00625,5
coexpression 150,26,default,polynomial,mean,0.0175,0.0,0
coexpression 150,26,default,spline,mean,0.01625,0.0,0
coexpression 150,26,default,spline,cauchy,0.01375,0.00125,0
coexpression 150,26,elbow,polynomial,mean,0.0325,0.0,0
coexpression 150,26,elbow,spline,mean,0.02875,0.00125,0
coexpression 150,26,elbow,spline,cauchy,0.0275,0.0,0
coexpression 150,27,default,polynomial,mean,0.01375,0.0,0
coexpression 150,27,default,spline,mean,0.01375,0.0,0
coexpression 150,27,default,spline,cauchy,0.0025,0.0,0
coexpression 150,27,elbow,polynomial,mean,0.03375,0.0,0
coexpression 150,27,elbow,spline,mean,0.0325,0.0,0
coexpression 150,27,elbow,spline,cauchy,0.03375,0.0,0
coexpression 150,28,default,polynomial,mean,0.0275,0.00125,0
coexpression 150,28,default,spline,mean,0.02625,0.00125,0
coexpression 150,28,default,spline,cauchy,0.02125,0.0025,2
coexpression 150,28,elbow,polynomial,mean,0.03625,0.0,0
coexpression 150,28,elbow,spline,mean,0.03875,0.0,0
coexpression 150,28,elbow,spline,cauchy,0.04125,0.0,0
coexpression 150,29,default,polynomial,mean,0.03,0.0,0
coexpression 150,29,default,spline,mean,0.02875,0.0,0
coexpression 150,29,default,spline,cauchy,0.0075,0.0,0
coexpression 150,29,elbow,polynomial,mean,0.03125,0.0,0
coexpression 150,29,elbow,spline,mean,0.0275,0.0,0
coexpression 150,29,elbow,spline,cauchy,0.02625,0.0,0
