comparison,network,gene_set,z,qvalue
G1 -> S,hdWGCNA signed,REACTOME_CELL_CYCLE_CHECKPOINTS,9.087359632060968,2.7093368540542808e-17
G1 -> S,hdWGCNA signed,REACTOME_CELL_CYCLE,8.687491597264504,4.946573045300597e-16
G1 -> S,hdWGCNA signed,REACTOME_CELL_CYCLE_MITOTIC,8.584563270490925,8.115211765532524e-16
G1 -> S,hdWGCNA signed,REACTOME_PHOSPHORYLATION_OF_EMI1,8.066771409017985,4.818116037496387e-14
G1 -> S,hdWGCNA signed,REACTOME_MITOTIC_METAPHASE_AND_ANAPHASE,7.777591278245371,3.947244348550739e-13
G1 -> S,hdWGCNA signed,REACTOME_APC_C_MEDIATED_DEGRADATION_OF_CELL_CYCLE_PROTEINS,7.652554848657239,8.767613649619621e-13
G1 -> S,hdWGCNA signed,REACTOME_RESOLUTION_OF_SISTER_CHROMATID_COHESION,7.447114420655311,3.3033908608473907e-12
G1 -> S,hdWGCNA signed,REACTOME_APC_C_CDC20_MEDIATED_DEGRADATION_OF_CYCLIN_B,7.442258890461481,3.3033908608473907e-12
G1 -> S,hdWGCNA signed,REACTOME_MITOTIC_SPINDLE_CHECKPOINT,7.212283040799162,1.522912358600025e-11
G1 -> S,hdWGCNA signed,REACTOME_CYCLIN_A_B1_B2_ASSOCIATED_EVENTS_DURING_G2_M_TRANSITION,7.207381791861975,1.522912358600025e-11
S -> G2,hdWGCNA signed,REACTOME_APC_C_CDH1_MEDIATED_DEGRADATION_OF_CDC20_AND_OTHER_APC_C_CDH1_TARGETED_PROTEINS_IN_LATE_MITOSIS_EARLY_G1,4.479227526878137,0.002000194421654082
S -> G2,hdWGCNA signed,REACTOME_APC_C_MEDIATED_DEGRADATION_OF_CELL_CYCLE_PROTEINS,3.8997870503233814,0.012853023610321066
S -> G2,hdWGCNA signed,REACTOME_REGULATION_OF_MRNA_STABILITY_BY_PROTEINS_THAT_BIND_AU_RICH_ELEMENTS,3.6381502470303033,0.02097059693712306
S -> G2,hdWGCNA signed,REACTOME_INTERLEUKIN_1_FAMILY_SIGNALING,3.6033300037265947,0.02097059693712306
S -> G2,hdWGCNA signed,REACTOME_M_PHASE,3.5221819504141143,0.022855748625705215
S -> G2,hdWGCNA signed,REACTOME_ABC_FAMILY_PROTEINS_MEDIATED_TRANSPORT,3.392713644413254,0.030795754135847248
S -> G2,hdWGCNA signed,REACTOME_INTERLEUKIN_1_SIGNALING,3.3314660942623067,0.03295154683960682
S -> G2,hdWGCNA signed,REACTOME_AUF1_HNRNP_D0_BINDS_AND_DESTABILIZES_MRNA,3.2729872450882236,0.03551676708830636
S -> G2,hdWGCNA signed,REACTOME_REGULATION_OF_TP53_ACTIVITY_THROUGH_PHOSPHORYLATION,3.1810569489253684,0.04042262858581321
S -> G2,hdWGCNA signed,REACTOME_TCR_SIGNALING,3.1516250167460256,0.04042262858581321
G2 -> M,hdWGCNA signed,REACTOME_APC_C_MEDIATED_DEGRADATION_OF_CELL_CYCLE_PROTEINS,5.260429331902691,3.837308836258886e-05
G2 -> M,hdWGCNA signed,REACTOME_CONDENSATION_OF_PROMETAPHASE_CHROMOSOMES,5.071414506081531,5.2715098426688525e-05
G2 -> M,hdWGCNA signed,REACTOME_M_PHASE,4.966038825728507,6.0817509033218657e-05
G2 -> M,hdWGCNA signed,REACTOME_APC_C_CDC20_MEDIATED_DEGRADATION_OF_CYCLIN_B,4.86396457701896,7.680089046986883e-05
G2 -> M,hdWGCNA signed,REACTOME_APC_CDC20_MEDIATED_DEGRADATION_OF_NEK2A,4.556345202857981,0.0002779542985856277
G2 -> M,hdWGCNA signed,REACTOME_MITOTIC_METAPHASE_AND_ANAPHASE,4.173177803101925,0.0013366925119161904
G2 -> M,hdWGCNA signed,REACTOME_INHIBITION_OF_THE_PROTEOLYTIC_ACTIVITY_OF_APC_C_REQUIRED_FOR_THE_ONSET_OF_ANAPHASE_BY_MITOTIC_SPINDLE_CHECKPOINT_COMPONENTS,4.102117756499875,0.0015615144774182698
G2 -> M,hdWGCNA signed,REACTOME_MITOTIC_PROMETAPHASE,3.8872038360799084,0.003221289233364164
G2 -> M,hdWGCNA signed,REACTOME_CELL_CYCLE_MITOTIC,3.8705663831499764,0.003221289233364164
G2 -> M,hdWGCNA signed,REACTOME_MITOTIC_G2_G2_M_PHASES,3.817867579980924,0.0035196906590374767
null: G1 halves,hdWGCNA signed,REACTOME_REGULATION_OF_MRNA_STABILITY_BY_PROTEINS_THAT_BIND_AU_RICH_ELEMENTS,2.7103319136484254,0.7130327653438691
null: G1 halves,hdWGCNA signed,REACTOME_METALLOPROTEASE_DUBS,2.6059276609470747,0.7130327653438691
null: G1 halves,hdWGCNA signed,REACTOME_SARS_COV_2_INFECTION,2.4299322568557957,0.7130327653438691
null: G1 halves,hdWGCNA signed,REACTOME_PI_METABOLISM,2.4080248492300784,0.7130327653438691
null: G1 halves,hdWGCNA signed,REACTOME_AUF1_HNRNP_D0_BINDS_AND_DESTABILIZES_MRNA,2.3176500957480277,0.7130327653438691
null: G1 halves,hdWGCNA signed,REACTOME_SIGNALING_BY_ERBB2,2.302400738893276,0.7130327653438691
null: G1 halves,hdWGCNA signed,REACTOME_HSP90_CHAPERONE_CYCLE_FOR_STEROID_HORMONE_RECEPTORS_SHR_IN_THE_PRESENCE_OF_LIGAND,2.228888813507927,0.7130327653438691
null: G1 halves,hdWGCNA signed,REACTOME_DOWNREGULATION_OF_TGF_BETA_RECEPTOR_SIGNALING,2.200264997085464,0.7130327653438691
null: G1 halves,hdWGCNA signed,REACTOME_SARS_COV_1_INFECTION,2.1450241719302943,0.7130327653438691
null: G1 halves,hdWGCNA signed,REACTOME_CELLULAR_RESPONSE_TO_STARVATION,2.144601957531808,0.7130327653438691
G1 -> S,unsigned |cor|^power,REACTOME_PHOSPHORYLATION_OF_EMI1,3.497547598971408,0.049490516951236935
G1 -> S,unsigned |cor|^power,REACTOME_POLYMERASE_SWITCHING_ON_THE_C_STRAND_OF_THE_TELOMERE,3.4838817984503776,0.049490516951236935
G1 -> S,unsigned |cor|^power,REACTOME_TELOMERE_C_STRAND_LAGGING_STRAND_SYNTHESIS,3.2650419801729007,0.049490516951236935
G1 -> S,unsigned |cor|^power,REACTOME_RECOGNITION_OF_DNA_DAMAGE_BY_PCNA_CONTAINING_REPLICATION_COMPLEX,3.254793059691198,0.049490516951236935
G1 -> S,unsigned |cor|^power,REACTOME_DNA_STRAND_ELONGATION,3.2431493864654386,0.049490516951236935
G1 -> S,unsigned |cor|^power,REACTOME_POLYMERASE_SWITCHING,3.167946189009723,0.049490516951236935
G1 -> S,unsigned |cor|^power,REACTOME_BASE_EXCISION_REPAIR,3.085151173892671,0.049490516951236935
G1 -> S,unsigned |cor|^power,REACTOME_GAP_FILLING_DNA_REPAIR_SYNTHESIS_AND_LIGATION_IN_GG_NER,3.0784756737635637,0.049490516951236935
G1 -> S,unsigned |cor|^power,REACTOME_DUAL_INCISION_IN_GG_NER,3.0730454924440083,0.049490516951236935
G1 -> S,unsigned |cor|^power,REACTOME_TERMINATION_OF_TRANSLESION_DNA_SYNTHESIS,3.050189765818588,0.049490516951236935
S -> G2,unsigned |cor|^power,REACTOME_MITOTIC_PROMETAPHASE,3.360794186250759,0.10020210635080704
S -> G2,unsigned |cor|^power,REACTOME_RESOLUTION_OF_SISTER_CHROMATID_COHESION,3.143777300552923,0.10020210635080704
S -> G2,unsigned |cor|^power,REACTOME_RHO_GTPASES_ACTIVATE_FORMINS,3.0956700115370075,0.10020210635080704
S -> G2,unsigned |cor|^power,REACTOME_SEPARATION_OF_SISTER_CHROMATIDS,3.0788404332066315,0.10020210635080704
S -> G2,unsigned |cor|^power,REACTOME_M_PHASE,3.0660027238293295,0.10020210635080704
S -> G2,unsigned |cor|^power,REACTOME_MITOTIC_METAPHASE_AND_ANAPHASE,3.039736201049911,0.10020210635080704
S -> G2,unsigned |cor|^power,REACTOME_RHO_GTPASE_EFFECTORS,3.008313310074043,0.10020210635080704
S -> G2,unsigned |cor|^power,REACTOME_MITOTIC_SPINDLE_CHECKPOINT,2.866723816365849,0.13842106968802612
S -> G2,unsigned |cor|^power,REACTOME_APC_C_MEDIATED_DEGRADATION_OF_CELL_CYCLE_PROTEINS,2.8244828588946986,0.1404923777561281
S -> G2,unsigned |cor|^power,REACTOME_REGULATION_OF_PLK1_ACTIVITY_AT_G2_M_TRANSITION,2.574441960907482,0.24714048969400632
G2 -> M,unsigned |cor|^power,REACTOME_APC_C_MEDIATED_DEGRADATION_OF_CELL_CYCLE_PROTEINS,4.253106208941914,0.005629041408509362
G2 -> M,unsigned |cor|^power,REACTOME_APC_C_CDC20_MEDIATED_DEGRADATION_OF_CYCLIN_B,3.8232473490952787,0.013877788126143169
G2 -> M,unsigned |cor|^power,REACTOME_APC_CDC20_MEDIATED_DEGRADATION_OF_NEK2A,3.7814297862926978,0.013877788126143169
G2 -> M,unsigned |cor|^power,REACTOME_INHIBITION_OF_THE_PROTEOLYTIC_ACTIVITY_OF_APC_C_REQUIRED_FOR_THE_ONSET_OF_ANAPHASE_BY_MITOTIC_SPINDLE_CHECKPOINT_COMPONENTS,3.3986780434323287,0.04519800986850173
G2 -> M,unsigned |cor|^power,REACTOME_MITOTIC_METAPHASE_AND_ANAPHASE,3.1661060228475524,0.0640348469023857
G2 -> M,unsigned |cor|^power,REACTOME_APC_C_CDH1_MEDIATED_DEGRADATION_OF_CDC20_AND_OTHER_APC_C_CDH1_TARGETED_PROTEINS_IN_LATE_MITOSIS_EARLY_G1,3.12130967663474,0.0640348469023857
G2 -> M,unsigned |cor|^power,REACTOME_PHOSPHORYLATION_OF_EMI1,3.0993194724286526,0.0640348469023857
G2 -> M,unsigned |cor|^power,REACTOME_COOPERATION_OF_PREFOLDIN_AND_TRIC_CCT_IN_ACTIN_AND_TUBULIN_FOLDING,3.0485828398708295,0.0640348469023857
G2 -> M,unsigned |cor|^power,REACTOME_FORMATION_OF_TUBULIN_FOLDING_INTERMEDIATES_BY_CCT_TRIC,3.0485828398708295,0.0640348469023857
G2 -> M,unsigned |cor|^power,REACTOME_DEUBIQUITINATION,3.0006502398611654,0.0640348469023857
null: G1 halves,unsigned |cor|^power,REACTOME_MAPK6_MAPK4_SIGNALING,3.0983002670756004,0.519673092544098
null: G1 halves,unsigned |cor|^power,REACTOME_G2_M_CHECKPOINTS,2.5136585450118667,0.7976221880151804
null: G1 halves,unsigned |cor|^power,REACTOME_REGULATION_OF_MRNA_STABILITY_BY_PROTEINS_THAT_BIND_AU_RICH_ELEMENTS,2.4098405798161893,0.7976221880151804
null: G1 halves,unsigned |cor|^power,REACTOME_TCR_SIGNALING,2.2946778419613025,0.7976221880151804
null: G1 halves,unsigned |cor|^power,REACTOME_G2_M_DNA_DAMAGE_CHECKPOINT,2.2842084505747273,0.7976221880151804
null: G1 halves,unsigned |cor|^power,REACTOME_RAC3_GTPASE_CYCLE,2.225946318834095,0.7976221880151804
null: G1 halves,unsigned |cor|^power,REACTOME_AUF1_HNRNP_D0_BINDS_AND_DESTABILIZES_MRNA,2.202301155809659,0.7976221880151804
null: G1 halves,unsigned |cor|^power,REACTOME_SPHINGOLIPID_METABOLISM,2.1746429970327457,0.7976221880151804
null: G1 halves,unsigned |cor|^power,REACTOME_INTERLEUKIN_12_FAMILY_SIGNALING,2.151439205748869,0.7976221880151804
null: G1 halves,unsigned |cor|^power,REACTOME_RAC1_GTPASE_CYCLE,2.145834997531874,0.7976221880151804
G1 -> S,signed correlation,REACTOME_CYCLIN_A_B1_B2_ASSOCIATED_EVENTS_DURING_G2_M_TRANSITION,6.951823439217942,6.095714657289035e-10
G1 -> S,signed correlation,REACTOME_APC_C_CDC20_MEDIATED_DEGRADATION_OF_CYCLIN_B,6.918451257599676,6.095714657289035e-10
G1 -> S,signed correlation,REACTOME_APC_C_MEDIATED_DEGRADATION_OF_CELL_CYCLE_PROTEINS,6.525211754270632,6.043592117324293e-09
G1 -> S,signed correlation,REACTOME_CELL_CYCLE_CHECKPOINTS,6.470848674178055,6.505054222492467e-09
G1 -> S,signed correlation,REACTOME_APC_C_CDH1_MEDIATED_DEGRADATION_OF_CDC20_AND_OTHER_APC_C_CDH1_TARGETED_PROTEINS_IN_LATE_MITOSIS_EARLY_G1,6.273603479579478,1.797617237408203e-08
G1 -> S,signed correlation,REACTOME_POLO_LIKE_KINASE_MEDIATED_EVENTS,6.252490265978254,1.797617237408203e-08
G1 -> S,signed correlation,REACTOME_PHOSPHORYLATION_OF_EMI1,6.027584657269079,6.348042497569186e-08
G1 -> S,signed correlation,REACTOME_ACTIVATION_OF_NIMA_KINASES_NEK9_NEK6_NEK7,5.8443924973824455,1.696852564070658e-07
G1 -> S,signed correlation,REACTOME_APC_CDC20_MEDIATED_DEGRADATION_OF_NEK2A,5.4124018665376905,1.7742135026614029e-06
G1 -> S,signed correlation,REACTOME_MITOTIC_METAPHASE_AND_ANAPHASE,5.40051475855025,1.7742135026614029e-06
S -> G2,signed correlation,REACTOME_APC_C_CDH1_MEDIATED_DEGRADATION_OF_CDC20_AND_OTHER_APC_C_CDH1_TARGETED_PROTEINS_IN_LATE_MITOSIS_EARLY_G1,5.542399844145202,7.966053435960565e-06
S -> G2,signed correlation,REACTOME_APC_C_MEDIATED_DEGRADATION_OF_CELL_CYCLE_PROTEINS,5.091264165498722,4.748382381318644e-05
S -> G2,signed correlation,REACTOME_APC_CDC20_MEDIATED_DEGRADATION_OF_NEK2A,4.515072891570493,0.0005633254217096127
S -> G2,signed correlation,REACTOME_CELL_CYCLE_MITOTIC,3.8311912562308352,0.008512248760688367
S -> G2,signed correlation,REACTOME_INHIBITION_OF_THE_PROTEOLYTIC_ACTIVITY_OF_APC_C_REQUIRED_FOR_THE_ONSET_OF_ANAPHASE_BY_MITOTIC_SPINDLE_CHECKPOINT_COMPONENTS,3.7235181462242477,0.010491270138002867
S -> G2,signed correlation,REACTOME_SEPARATION_OF_SISTER_CHROMATIDS,3.5284232345798845,0.016820168503457446
S -> G2,signed correlation,REACTOME_HEDGEHOG_OFF_STATE,3.514261660635208,0.016820168503457446
S -> G2,signed correlation,REACTOME_AUF1_HNRNP_D0_BINDS_AND_DESTABILIZES_MRNA,3.4614056239276354,0.017934473207792075
S -> G2,signed correlation,REACTOME_HEDGEHOG_ON_STATE,3.3650901770486086,0.022700531705631286
S -> G2,signed correlation,REACTOME_CELL_CYCLE,3.304479083874354,0.023907517230548382
G2 -> M,signed correlation,REACTOME_M_PHASE,3.6779354694298036,0.06277955631225757
G2 -> M,signed correlation,REACTOME_LAMININ_INTERACTIONS,3.4075771882327044,0.07505815448621415
G2 -> M,signed correlation,REACTOME_MITOTIC_PROMETAPHASE,3.32462361972721,0.07505815448621415
G2 -> M,signed correlation,REACTOME_CELL_CYCLE,3.1953715079418106,0.07505815448621415
G2 -> M,signed correlation,REACTOME_CELL_CYCLE_MITOTIC,3.193502045619645,0.07505815448621415
G2 -> M,signed correlation,REACTOME_RECRUITMENT_OF_NUMA_TO_MITOTIC_CENTROSOMES,3.071389283454254,0.09481399867819841
G2 -> M,signed correlation,REACTOME_INTERCONVERSION_OF_NUCLEOTIDE_DI_AND_TRIPHOSPHATES,2.9683688547921725,0.09818550330842954
G2 -> M,signed correlation,REACTOME_METABOLISM_OF_NUCLEOTIDES,2.9272626824846606,0.09818550330842954
G2 -> M,signed correlation,REACTOME_FORMATION_OF_TUBULIN_FOLDING_INTERMEDIATES_BY_CCT_TRIC,2.871463165865253,0.09818550330842954
G2 -> M,signed correlation,REACTOME_COOPERATION_OF_PREFOLDIN_AND_TRIC_CCT_IN_ACTIN_AND_TUBULIN_FOLDING,2.871463165865253,0.09818550330842954
null: G1 halves,signed correlation,REACTOME_IRE1ALPHA_ACTIVATES_CHAPERONES,4.287715593881736,0.0048198844740615756
null: G1 halves,signed correlation,REACTOME_E3_UBIQUITIN_LIGASES_UBIQUITINATE_TARGET_PROTEINS,3.907178837915632,0.01246623517379406
null: G1 halves,signed correlation,REACTOME_PROTEIN_UBIQUITINATION,3.4596676045000962,0.047518800179678904
null: G1 halves,signed correlation,REACTOME_TNFR2_NON_CANONICAL_NF_KB_PATHWAY,3.3849577398516564,0.047518800179678904
null: G1 halves,signed correlation,REACTOME_HEDGEHOG_LIGAND_BIOGENESIS,3.3087902705338004,0.05003579941362213
null: G1 halves,signed correlation,REACTOME_METALLOPROTEASE_DUBS,3.1100096305788427,0.07745896895248516
null: G1 halves,signed correlation,REACTOME_NEUROTRANSMITTER_RELEASE_CYCLE,3.0569605075757647,0.07745896895248516
null: G1 halves,signed correlation,REACTOME_AUF1_HNRNP_D0_BINDS_AND_DESTABILIZES_MRNA,3.041946877197699,0.07745896895248516
null: G1 halves,signed correlation,REACTOME_DOWNREGULATION_OF_TGF_BETA_RECEPTOR_SIGNALING,3.010174486320751,0.07745896895248516
null: G1 halves,signed correlation,REACTOME_NOTCH1_INTRACELLULAR_DOMAIN_REGULATES_TRANSCRIPTION,2.8865674812937843,0.10398828133240542
