setting,replicate,method,auroc,precision_at_k,seconds
co-expression split,0,n2v2r (default),0.8718288625493865,0.5476190476190477,0.3048282029999996
co-expression split,0,n2v2r at the number of communities (oracle),0.9737666354751509,0.8333333333333334,0.0542606549999789
co-expression split,0,node2vec + Procrustes,0.8471745685173633,0.0595238095238095,43.93912976600001
co-expression split,0,DeepWalk + Procrustes,0.861464181742566,0.0714285714285714,30.916281525000016
co-expression split,0,PLEX.I (50 trainings),0.699209814930339,0.238095238095238,95.69868290399998
co-expression split,0,DeDi,0.6886956747764608,0.1071428571428571,0.0039907299999981
co-expression split,0,DGCA-style,0.7660246412975671,0.2738095238095238,0.0737287999999694
co-expression split,1,n2v2r (default),0.8830338312016676,0.550561797752809,0.1566112369999928
co-expression split,1,n2v2r at the number of communities (oracle),0.970553410870879,0.7640449438202247,0.046233031999975
co-expression split,1,node2vec + Procrustes,0.8713538647491952,0.1123595505617977,25.061539003000007
co-expression split,1,DeepWalk + Procrustes,0.8718595443949728,0.0674157303370786,27.432368878999966
co-expression split,1,PLEX.I (50 trainings),0.7006808174743152,0.2584269662921348,88.96816797500003
co-expression split,1,DeDi,0.6737502929241851,0.1573033707865168,0.0041713019999747
co-expression split,1,DGCA-style,0.8826453212299116,0.550561797752809,0.0573626540000304
co-expression split,2,n2v2r (default),0.8791695213530542,0.4938271604938271,0.159251920000031
co-expression split,2,n2v2r at the number of communities (oracle),0.9776326925402008,0.8395061728395061,0.0635797089999528
co-expression split,2,node2vec + Procrustes,0.8798815137226453,0.1481481481481481,24.688581306999996
co-expression split,2,DeepWalk + Procrustes,0.8863566141404371,0.1358024691358024,27.299606466000057
co-expression split,2,PLEX.I (50 trainings),0.6830156235306761,0.2222222222222222,83.43446329799997
co-expression split,2,DeDi,0.6515804887223096,0.0864197530864197,0.00352356399992
co-expression split,2,DGCA-style,0.9065543599457274,0.5679012345679012,0.0538377139999965
co-expression split,3,n2v2r (default),0.8918003271072994,0.4936708860759494,0.1571004290000246
co-expression split,3,n2v2r at the number of communities (oracle),0.9824145466540222,0.810126582278481,0.0475221369999872
co-expression split,3,node2vec + Procrustes,0.8761940103629792,0.0632911392405063,27.78738099799989
co-expression split,3,DeepWalk + Procrustes,0.8762077543671574,0.050632911392405,31.65674477999994
co-expression split,3,PLEX.I (50 trainings),0.6901208097967262,0.2911392405063291,95.756742703
co-expression split,3,DeDi,0.6907461619868333,0.2784810126582278,0.0034338529999331
co-expression split,3,DGCA-style,0.8336563174315205,0.4177215189873418,0.055791126000031
co-expression split,4,n2v2r (default),0.8823349463262695,0.5384615384615384,0.1645523949999869
co-expression split,4,n2v2r at the number of communities (oracle),0.9624561988987153,0.8205128205128205,0.0429746659999636
co-expression split,4,node2vec + Procrustes,0.8858807497636131,0.1282051282051282,24.90834075800001
co-expression split,4,DeepWalk + Procrustes,0.8804994716057623,0.1025641025641025,26.138147040000035
co-expression split,4,PLEX.I (50 trainings),0.7149174036375772,0.2692307692307692,85.26941724099993
co-expression split,4,DeDi,0.6752183102508482,0.2179487179487179,0.0039508190000105
co-expression split,4,DGCA-style,0.9053757161132432,0.5512820512820513,0.074731832999987
co-expression split,5,n2v2r (default),0.869181477451336,0.5308641975308642,0.1933422390000032
co-expression split,5,n2v2r at the number of communities (oracle),0.9719636212200594,0.8148148148148148,0.052916294000056
co-expression split,5,node2vec + Procrustes,0.8727481562084392,0.074074074074074,22.89804470399997
co-expression split,5,DeepWalk + Procrustes,0.8793307271725843,0.037037037037037,27.10250827199991
co-expression split,5,PLEX.I (50 trainings),0.6911968188718279,0.2962962962962963,92.92813023999996
co-expression split,5,DeDi,0.6675264310374938,0.1851851851851851,0.0035112170000957
co-expression split,5,DGCA-style,0.8679724338048603,0.382716049382716,0.0493453069998395
co-expression split,6,n2v2r (default),0.9433760683760684,0.6888888888888889,0.1541329229999064
co-expression split,6,n2v2r at the number of communities (oracle),0.989096459096459,0.8555555555555555,0.0355420370001411
co-expression split,6,node2vec + Procrustes,0.8787240537240537,0.1222222222222222,26.363114558000007
co-expression split,6,DeepWalk + Procrustes,0.8745360195360196,0.1111111111111111,31.34184918799997
co-expression split,6,PLEX.I (50 trainings),0.8033150183150183,0.4444444444444444,91.125668465
co-expression split,6,DeDi,0.8204273504273504,0.4333333333333333,0.0043064960000265
co-expression split,6,DGCA-style,0.9452869352869352,0.6888888888888889,0.0675384940000185
co-expression split,7,n2v2r (default),0.8743365741393077,0.4574468085106383,0.1640997469999092
co-expression split,7,n2v2r at the number of communities (oracle),0.9620731764595368,0.723404255319149,0.0442448719998083
co-expression split,7,node2vec + Procrustes,0.8673735381146963,0.1382978723404255,21.482257317999935
co-expression split,7,DeepWalk + Procrustes,0.866968437367902,0.1489361702127659,27.07706359100007
co-expression split,7,PLEX.I (50 trainings),0.7168521910666479,0.3297872340425531,85.91122691700002
co-expression split,7,DeDi,0.6680522286412099,0.2127659574468085,0.003484490999881
co-expression split,7,DGCA-style,0.8277910854351604,0.4361702127659574,0.0586634419998972
co-expression split,8,n2v2r (default),0.8124175824175824,0.4666666666666667,0.1786604449998776
co-expression split,8,n2v2r at the number of communities (oracle),0.9641269841269842,0.8111111111111111,0.0445106259999192
co-expression split,8,node2vec + Procrustes,0.8931562881562881,0.3,22.274971301999813
co-expression split,8,DeepWalk + Procrustes,0.8927533577533577,0.2777777777777778,26.175449007
co-expression split,8,PLEX.I (50 trainings),0.7029609279609279,0.2888888888888888,96.03209541899992
co-expression split,8,DeDi,0.612039072039072,0.1,0.0035180719999061
co-expression split,8,DGCA-style,0.9182783882783884,0.6111111111111112,0.128930235000098
co-expression split,9,n2v2r (default),0.8473825119567477,0.4523809523809524,0.16851696599997013
co-expression split,9,n2v2r at the number of communities (oracle),0.9642337284258682,0.7738095238095238,0.04895673800001532
co-expression split,9,node2vec + Procrustes,0.8816022042004574,0.14285714285714285,28.466447803999927
co-expression split,9,DeepWalk + Procrustes,0.8838635891037637,0.15476190476190477,23.06054493800002
co-expression split,9,PLEX.I (50 trainings),0.6563344770222499,0.20238095238095238,80.18648191500006
co-expression split,9,DeDi,0.5669317945518819,0.03571428571428571,0.003306297000108316
co-expression split,9,DGCA-style,0.893740902474527,0.6309523809523809,0.05209030799960601
