design,change,method,samples,rep,auroc_borda,auroc_rank_d,spearman_vs_target_changed,true_calls,false_calls
disjoint,switch,power,50 vs 50,0,0.8974611111111112,0.7187111111111111,0.8907050705070506,0,0
disjoint,switch,power,150 vs 150,0,0.9736055555555555,0.7610555555555556,0.9702250225022501,53,0
disjoint,switch,power,500 vs 500,0,0.9769611111111111,0.8118666666666666,0.9875187518751875,97,10
disjoint,switch,power,50 vs 500,0,0.9573555555555555,0.7367555555555556,0.9171797179717971,0,0
disjoint,switch,power,150 vs 600,0,0.9773888888888889,0.7981333333333334,0.9775457545754573,73,0
disjoint,switch,signed,50 vs 50,0,0.9108277777777778,0.9138222222222222,0.8024002400240023,46,3
disjoint,switch,signed,150 vs 150,0,0.9909888888888889,0.9983333333333333,0.9393099309930992,91,5
disjoint,switch,signed,500 vs 500,0,0.9986333333333334,1.0,0.9781098109810981,100,2
disjoint,switch,signed,50 vs 500,0,0.9754333333333334,0.9866666666666667,0.8999219921992199,76,4
disjoint,switch,signed,150 vs 600,0,0.9945055555555555,0.9971555555555556,0.9577077707770776,96,2
disjoint,switch,debiased power,50 vs 50,0,0.79145,0.6707333333333333,0.8774557455745573,0,0
disjoint,switch,debiased power,150 vs 150,0,0.9624277777777778,0.7367888888888889,0.9686528652865286,18,0
disjoint,switch,debiased power,500 vs 500,0,0.98205,0.8028666666666666,0.9872427242724271,91,0
disjoint,switch,debiased power,50 vs 500,0,0.92265,0.7331888888888889,0.9393699369936993,0,0
disjoint,switch,debiased power,150 vs 600,0,0.9768166666666667,0.7787777777777778,0.98016201620162,44,2
disjoint,switch,power,50 vs 50,1,0.9342944444444444,0.7470777777777777,0.9029102910291028,0,0
disjoint,switch,power,150 vs 150,1,0.9756388888888889,0.7776777777777778,0.9637563756375637,7,0
disjoint,switch,power,500 vs 500,1,0.9740222222222222,0.8191555555555555,0.9900510051005099,22,3
disjoint,switch,power,50 vs 500,1,0.9647055555555556,0.7639777777777778,0.9269126912691269,0,0
disjoint,switch,power,150 vs 600,1,0.9737666666666667,0.7871555555555556,0.9818541854185417,37,0
disjoint,switch,signed,50 vs 50,1,0.9423222222222222,0.959,0.8069726972697269,55,6
disjoint,switch,signed,150 vs 150,1,0.9958666666666667,0.9981,0.9256405640564056,92,1
disjoint,switch,signed,500 vs 500,1,0.9974777777777778,1.0,0.9807140714071406,96,0
disjoint,switch,signed,50 vs 500,1,0.9761722222222222,0.9881222222222222,0.8979057905790577,82,8
disjoint,switch,signed,150 vs 600,1,0.9946444444444444,0.9998,0.9568436843684367,97,6
disjoint,switch,debiased power,50 vs 50,1,0.8492222222222222,0.6969444444444445,0.8996459645964596,0,0
disjoint,switch,debiased power,150 vs 150,1,0.9598055555555556,0.7533888888888889,0.9627602760276026,0,0
disjoint,switch,debiased power,500 vs 500,1,0.9758888888888889,0.8100444444444445,0.9898949894989498,14,0
disjoint,switch,debiased power,50 vs 500,1,0.9086277777777778,0.7436888888888888,0.95017101710171,0,0
disjoint,switch,debiased power,150 vs 600,1,0.9672277777777778,0.7723555555555556,0.9844344434443443,24,0
disjoint,switch,power,50 vs 50,2,0.9141722222222223,0.7404666666666667,0.8906330633063305,0,0
disjoint,switch,power,150 vs 150,2,0.9824444444444445,0.8023,0.9795619561956195,34,0
disjoint,switch,power,500 vs 500,2,0.9839555555555556,0.8157444444444445,0.9922232223222321,45,13
disjoint,switch,power,50 vs 500,2,0.9670333333333333,0.7659888888888889,0.9128832883288328,0,0
disjoint,switch,power,150 vs 600,2,0.9807,0.7870333333333334,0.9705370537053704,39,0
disjoint,switch,signed,50 vs 50,2,0.8801166666666667,0.9111111111111111,0.7739573957395739,48,1
disjoint,switch,signed,150 vs 150,2,0.9930222222222223,0.9993888888888889,0.9399699969996999,83,1
disjoint,switch,signed,500 vs 500,2,0.9990166666666667,1.0,0.976117611761176,100,0
disjoint,switch,signed,50 vs 500,2,0.9806055555555555,0.9918222222222223,0.8327272727272728,77,6
disjoint,switch,signed,150 vs 600,2,0.99455,0.9999,0.965040504050405,93,4
disjoint,switch,debiased power,50 vs 50,2,0.8218666666666666,0.6967,0.8844284428442845,0,0
disjoint,switch,debiased power,150 vs 150,2,0.9693944444444444,0.7761888888888889,0.9792379237923792,15,0
disjoint,switch,debiased power,500 vs 500,2,0.9849666666666667,0.8064444444444444,0.992103210321032,32,0
disjoint,switch,debiased power,50 vs 500,2,0.9207777777777778,0.7383555555555555,0.9458025802580257,6,1
disjoint,switch,debiased power,150 vs 600,2,0.9800444444444445,0.7826,0.973093309330933,28,0
disjoint,switch,power,50 vs 50,3,0.9424333333333333,0.786,0.9228442844284427,0,0
disjoint,switch,power,150 vs 150,3,0.9623777777777778,0.7965333333333333,0.9669246924692468,0,0
disjoint,switch,power,500 vs 500,3,0.9798722222222223,0.8518111111111111,0.9942874287428741,98,0
disjoint,switch,power,50 vs 500,3,0.9619944444444445,0.8173111111111111,0.9490069006900689,0,0
disjoint,switch,power,150 vs 600,3,0.9799944444444444,0.8138111111111112,0.9861866186618661,71,0
disjoint,switch,signed,50 vs 50,3,0.9588277777777777,0.9576,0.8726072607260725,77,8
disjoint,switch,signed,150 vs 150,3,0.9917555555555555,0.9909333333333333,0.9068106810681067,91,11
disjoint,switch,signed,500 vs 500,3,0.9980888888888889,1.0,0.986090609060906,99,4
disjoint,switch,signed,50 vs 500,3,0.9818,0.9946888888888888,0.9134473447344733,85,11
disjoint,switch,signed,150 vs 600,3,0.9973333333333333,0.9996222222222222,0.943126312631263,99,11
disjoint,switch,debiased power,50 vs 50,3,0.8573333333333333,0.7416666666666667,0.9145874587458744,0,0
disjoint,switch,debiased power,150 vs 150,3,0.9575333333333333,0.7787888888888889,0.9668166816681666,0,0
disjoint,switch,debiased power,500 vs 500,3,0.9829444444444444,0.8449111111111111,0.9942754275427541,72,0
disjoint,switch,debiased power,50 vs 500,3,0.9037555555555555,0.7893888888888889,0.9629282928292828,0,2
disjoint,switch,debiased power,150 vs 600,3,0.9702666666666667,0.8017666666666666,0.9868586858685867,49,6
disjoint,switch,power,50 vs 50,4,0.9058055555555555,0.7555222222222222,0.931173117311731,0,0
disjoint,switch,power,150 vs 150,4,0.9790722222222222,0.7947,0.9659405940594058,0,0
disjoint,switch,power,500 vs 500,4,0.9753277777777778,0.8175444444444444,0.9877827782778277,29,0
disjoint,switch,power,50 vs 500,4,0.9561166666666666,0.7882111111111111,0.9628442844284427,0,0
disjoint,switch,power,150 vs 600,4,0.9810722222222222,0.8196888888888889,0.9899309930993099,22,0
disjoint,switch,signed,50 vs 50,4,0.9345388888888889,0.9239444444444445,0.8265466546654665,34,0
disjoint,switch,signed,150 vs 150,4,0.9866111111111111,0.9984888888888889,0.9308370837083707,79,5
disjoint,switch,signed,500 vs 500,4,0.99565,0.9999888888888889,0.9820342034203419,94,1
disjoint,switch,signed,50 vs 500,4,0.9791166666666666,0.9885,0.9026942694269425,73,5
disjoint,switch,signed,150 vs 600,4,0.9887166666666667,0.9995777777777778,0.9679927992799279,87,3
disjoint,switch,debiased power,50 vs 50,4,0.8423055555555555,0.7257888888888889,0.9271527152715271,0,0
disjoint,switch,debiased power,150 vs 150,4,0.9667833333333333,0.7732555555555556,0.9656645664566456,0,0
disjoint,switch,debiased power,500 vs 500,4,0.9800611111111112,0.81,0.9878427842784279,0,0
disjoint,switch,debiased power,50 vs 500,4,0.8877333333333334,0.7537,0.977101710171017,0,1
disjoint,switch,debiased power,150 vs 600,4,0.9792944444444445,0.8011111111111111,0.9911671167116711,0,0
disjoint,sign flip,power,50 vs 50,0,0.4973,0.6606444444444445,-0.23980986785338695,0,0
disjoint,sign flip,power,150 vs 150,0,0.5504888888888889,0.6565111111111112,-0.12759369696455775,0,0
disjoint,sign flip,power,500 vs 500,0,0.46173888888888887,0.6861888888888888,-0.10114700341190397,0,0
disjoint,sign flip,power,50 vs 500,0,0.5041166666666667,0.6422,-0.07054661028707063,0,0
disjoint,sign flip,power,150 vs 600,0,0.4739555555555556,0.6610777777777778,-0.07527475767242395,0,0
disjoint,sign flip,signed,50 vs 50,0,0.9852055555555556,0.9912111111111112,0.9307770777077705,87,2
disjoint,sign flip,signed,150 vs 150,0,0.9986111111111111,0.9997777777777778,0.9731893189318931,99,7
disjoint,sign flip,signed,500 vs 500,0,0.9999444444444444,1.0,0.9895469546954694,100,55
disjoint,sign flip,signed,50 vs 500,0,0.9981,0.9989333333333333,0.9722292229222921,96,2
disjoint,sign flip,signed,150 vs 600,0,1.0,1.0,0.9854425442544253,100,2
disjoint,sign flip,debiased power,50 vs 50,0,0.6006888888888889,0.6371666666666667,-0.17838814013711501,0,0
disjoint,sign flip,debiased power,150 vs 150,0,0.6166666666666667,0.6530888888888889,-0.12938332284406062,0,0
disjoint,sign flip,debiased power,500 vs 500,0,0.4664888888888889,0.6860444444444445,-0.10150050975847243,0,0
disjoint,sign flip,debiased power,50 vs 500,0,0.6305944444444445,0.6482777777777777,-0.06612778095496473,1,1
disjoint,sign flip,debiased power,150 vs 600,0,0.4932666666666667,0.6758222222222222,0.0026512975992635376,0,0
disjoint,sign flip,power,50 vs 50,1,0.5504388888888889,0.6424888888888889,0.14918585375067692,0,0
disjoint,sign flip,power,150 vs 150,1,0.5426166666666666,0.6738111111111111,0.09344918386764846,0,0
disjoint,sign flip,power,500 vs 500,1,0.5113611111111112,0.6752333333333334,-0.002651440773787792,2,5
disjoint,sign flip,power,50 vs 500,1,0.5241277777777777,0.6754555555555556,0.14688229705004568,0,0
disjoint,sign flip,power,150 vs 600,1,0.5276666666666666,0.6812444444444444,0.01080321081234813,0,0
disjoint,sign flip,signed,50 vs 50,1,0.9847388888888889,0.9520222222222222,0.9232883288328831,84,7
disjoint,sign flip,signed,150 vs 150,1,1.0,1.0,0.9738133813381337,100,9
disjoint,sign flip,signed,500 vs 500,1,0.9999555555555556,1.0,0.992127212721272,100,5
disjoint,sign flip,signed,50 vs 500,1,0.9985222222222222,0.9978222222222223,0.9525712571257126,99,2
disjoint,sign flip,signed,150 vs 600,1,0.9999666666666667,1.0,0.9882988298829882,100,24
disjoint,sign flip,debiased power,50 vs 50,1,0.6134555555555555,0.6239,0.1602993395471917,0,0
disjoint,sign flip,debiased power,150 vs 150,1,0.6212555555555556,0.6691111111111111,0.09307309297774947,0,0
disjoint,sign flip,debiased power,500 vs 500,1,0.5161666666666667,0.6753444444444444,0.004353252050580666,0,0
disjoint,sign flip,debiased power,50 vs 500,1,0.6312388888888889,0.6777444444444445,0.17202397303979236,0,0
disjoint,sign flip,debiased power,150 vs 600,1,0.5832222222222222,0.6693333333333333,-0.03739283672820585,0,0
disjoint,sign flip,power,50 vs 50,2,0.5200444444444444,0.6729111111111111,0.035274686538130005,0,0
disjoint,sign flip,power,150 vs 150,2,0.5268277777777778,0.6849888888888889,-0.06692898402550264,0,0
disjoint,sign flip,power,500 vs 500,2,0.49583333333333335,0.6823222222222223,0.04860788689212994,1,9
disjoint,sign flip,power,50 vs 500,2,0.53885,0.6719111111111111,0.026456014903597506,0,0
disjoint,sign flip,power,150 vs 600,2,0.5112888888888889,0.6800777777777778,0.004409335817266251,0,0
disjoint,sign flip,signed,50 vs 50,2,0.9850833333333333,0.9869222222222223,0.9524632463246323,85,5
disjoint,sign flip,signed,150 vs 150,2,0.9999777777777777,0.9999666666666667,0.9746774677467746,100,14
disjoint,sign flip,signed,500 vs 500,2,1.0,1.0,0.993039303930393,100,2
disjoint,sign flip,signed,50 vs 500,2,0.9997666666666667,0.9984222222222222,0.9598919891989197,100,15
disjoint,sign flip,signed,150 vs 600,2,1.0,1.0,0.9873747374737473,100,15
disjoint,sign flip,debiased power,50 vs 50,2,0.5978111111111111,0.6555555555555556,0.05203542228885182,0,0
disjoint,sign flip,debiased power,150 vs 150,2,0.6033222222222222,0.6840333333333334,-0.06302808056887542,0,0
disjoint,sign flip,debiased power,500 vs 500,2,0.5001722222222222,0.6825555555555556,0.04716148448686367,0,0
disjoint,sign flip,debiased power,50 vs 500,2,0.6075555555555555,0.6689111111111111,0.05292079588237844,0,0
disjoint,sign flip,debiased power,150 vs 600,2,0.5592111111111111,0.6870666666666667,-0.008739776957881614,0,0
disjoint,sign flip,power,50 vs 50,3,0.5772166666666667,0.6321666666666667,0.013877855075145613,0,0
disjoint,sign flip,power,150 vs 150,3,0.5086444444444445,0.6499666666666667,-0.02542781187962164,0,0
disjoint,sign flip,power,500 vs 500,3,0.48084444444444446,0.6510333333333334,-0.003858125105934909,0,0
disjoint,sign flip,power,50 vs 500,3,0.47492222222222225,0.6017666666666667,0.015815057132555967,0,0
disjoint,sign flip,power,150 vs 600,3,0.49093333333333333,0.6778555555555555,-0.10598448735100939,0,0
disjoint,sign flip,signed,50 vs 50,3,0.9845777777777778,0.9835777777777778,0.9306810681068106,71,1
disjoint,sign flip,signed,150 vs 150,3,0.9947555555555555,0.9986888888888888,0.9597959795979597,97,11
disjoint,sign flip,signed,500 vs 500,3,0.9992,1.0,0.9906390639063906,100,22
disjoint,sign flip,signed,50 vs 500,3,0.9825555555555555,0.9637555555555556,0.9676567656765674,82,1
disjoint,sign flip,signed,150 vs 600,3,0.9992666666666666,1.0,0.9815901590159014,99,8
disjoint,sign flip,debiased power,50 vs 50,3,0.6143722222222222,0.6277666666666667,-0.003703474521519796,0,0
disjoint,sign flip,debiased power,150 vs 150,3,0.5944277777777778,0.6471666666666667,-0.027739431141405424,0,0
disjoint,sign flip,debiased power,500 vs 500,3,0.4969222222222222,0.6509555555555555,-0.0002034876110725163,0,0
disjoint,sign flip,debiased power,50 vs 500,3,0.5649,0.6283,0.09905776907010094,0,0
disjoint,sign flip,debiased power,150 vs 600,3,0.5638777777777778,0.6696444444444445,-0.05831954933338318,0,0
disjoint,sign flip,power,50 vs 50,4,0.5549111111111111,0.6494555555555556,-0.07794595204140937,0,0
disjoint,sign flip,power,150 vs 150,4,0.5115777777777778,0.6561111111111111,0.06723062346192367,0,0
disjoint,sign flip,power,500 vs 500,4,0.5670444444444445,0.6581111111111111,0.03658980093530067,3,3
disjoint,sign flip,power,50 vs 500,4,0.5553444444444444,0.6419444444444444,-0.11064741467947192,0,0
disjoint,sign flip,power,150 vs 600,4,0.5482888888888889,0.6630555555555555,0.013116422274554404,0,0
disjoint,sign flip,signed,50 vs 50,4,0.9855388888888889,0.9882,0.9324692469246924,68,0
disjoint,sign flip,signed,150 vs 150,4,0.9997888888888888,1.0,0.9738493849384937,100,0
disjoint,sign flip,signed,500 vs 500,4,0.9987222222222222,1.0,0.9876387638763875,100,0
disjoint,sign flip,signed,50 vs 500,4,0.9981388888888889,0.9995666666666667,0.952175217521752,95,1
disjoint,sign flip,signed,150 vs 600,4,0.9995555555555555,1.0,0.9800900090009,100,0
disjoint,sign flip,debiased power,50 vs 50,4,0.6314,0.6424333333333333,-0.06056490066665832,0,0
disjoint,sign flip,debiased power,150 vs 150,4,0.56635,0.6573,0.06933606009752495,0,0
disjoint,sign flip,debiased power,500 vs 500,4,0.5756277777777777,0.6576,0.037781388478002685,0,0
disjoint,sign flip,debiased power,50 vs 500,4,0.6718611111111111,0.6509555555555555,0.011691892806211406,0,0
disjoint,sign flip,debiased power,150 vs 600,4,0.6145888888888889,0.6669222222222222,0.04045126131804176,0,0
mixed,switch,power,50 vs 50,0,0.96195,0.751,0.8476927692769277,0,0
mixed,switch,power,150 vs 150,0,0.9785666666666667,0.7758444444444444,0.8908490849084908,0,0
mixed,switch,power,500 vs 500,0,0.9923888888888889,0.8020222222222222,0.9814941494149413,75,0
mixed,switch,power,50 vs 500,0,0.9582888888888889,0.7168666666666667,0.8342034203420341,0,0
mixed,switch,power,150 vs 600,0,0.9939,0.7835444444444445,0.939045904590459,0,0
mixed,switch,signed,50 vs 50,0,0.9492277777777778,0.9568,0.8176897689768976,39,0
mixed,switch,signed,150 vs 150,0,0.9950777777777777,0.9969,0.9260246024602459,94,9
mixed,switch,signed,500 vs 500,0,0.9971333333333333,1.0,0.9903030303030302,90,1
mixed,switch,signed,50 vs 500,0,0.9651111111111111,0.9740888888888889,0.9227722772277227,52,0
mixed,switch,signed,150 vs 600,0,0.9931555555555556,0.9999666666666667,0.9637923792379237,75,0
mixed,switch,debiased power,50 vs 50,0,0.8704277777777778,0.7262777777777778,0.7949594959495949,0,0
mixed,switch,debiased power,150 vs 150,0,0.9392611111111111,0.7579666666666667,0.8903090309030902,0,0
mixed,switch,debiased power,500 vs 500,0,0.9964277777777778,0.7956222222222222,0.982106210621062,50,0
mixed,switch,debiased power,50 vs 500,0,0.9011166666666667,0.7060444444444445,0.8808280828082807,0,0
mixed,switch,debiased power,150 vs 600,0,0.9876388888888888,0.7723,0.9432823282328231,0,0
mixed,switch,power,50 vs 50,1,0.9162833333333333,0.6888666666666666,0.8246864686468647,0,0
mixed,switch,power,150 vs 150,1,0.9862277777777778,0.7130333333333333,0.8728472847284727,22,0
mixed,switch,power,500 vs 500,1,0.9881666666666666,0.7473333333333333,0.9582598259825981,90,7
mixed,switch,power,50 vs 500,1,0.93335,0.6787111111111112,0.8314791479147914,0,0
mixed,switch,power,150 vs 600,1,0.9912444444444445,0.7129111111111112,0.9009300930093007,31,0
mixed,switch,signed,50 vs 50,1,0.9167611111111111,0.9209333333333334,0.8266906690669067,39,2
mixed,switch,signed,150 vs 150,1,0.9729,0.9897555555555556,0.9317731773177317,64,0
mixed,switch,signed,500 vs 500,1,0.9743666666666667,0.9998888888888889,0.9793099309930992,68,0
mixed,switch,signed,50 vs 500,1,0.9153333333333333,0.9592111111111111,0.8648304830483048,45,0
mixed,switch,signed,150 vs 600,1,0.9842666666666666,0.9989333333333333,0.9539633963396339,67,0
mixed,switch,debiased power,50 vs 50,1,0.8381611111111111,0.6506777777777778,0.8061086108610861,0,0
mixed,switch,debiased power,150 vs 150,1,0.9730222222222222,0.6911333333333334,0.8639183918391837,13,0
mixed,switch,debiased power,500 vs 500,1,0.9913777777777778,0.7405444444444444,0.9589558955895588,86,5
mixed,switch,debiased power,50 vs 500,1,0.8772388888888889,0.6581666666666667,0.8838763876387637,0,0
mixed,switch,debiased power,150 vs 600,1,0.9882111111111112,0.7139,0.9108070807080708,34,0
mixed,switch,power,50 vs 50,2,0.9382,0.7228222222222223,0.7103510351035102,0,0
mixed,switch,power,150 vs 150,2,0.9799333333333333,0.7742555555555556,0.8426642664266425,0,0
mixed,switch,power,500 vs 500,2,0.9980888888888889,0.8075888888888889,0.9561716171617161,95,1
mixed,switch,power,50 vs 500,2,0.9286833333333333,0.7186,0.8152295229522951,0,0
mixed,switch,power,150 vs 600,2,0.98815,0.7768222222222222,0.8794119411941193,54,0
mixed,switch,signed,50 vs 50,2,0.9351111111111111,0.9452444444444444,0.8598379837983797,39,1
mixed,switch,signed,150 vs 150,2,0.9914944444444445,0.9969,0.9114791479147913,83,4
mixed,switch,signed,500 vs 500,2,0.9958722222222223,1.0,0.9813741374137414,83,0
mixed,switch,signed,50 vs 500,2,0.9523722222222222,0.9704222222222222,0.8928772877287727,60,6
mixed,switch,signed,150 vs 600,2,0.9838,0.9963666666666666,0.9602880288028802,86,2
mixed,switch,debiased power,50 vs 50,2,0.8432944444444445,0.6962777777777778,0.7247044704470446,0,0
mixed,switch,debiased power,150 vs 150,2,0.9677444444444444,0.7537444444444444,0.8348514851485147,0,0
mixed,switch,debiased power,500 vs 500,2,0.9984555555555555,0.8008222222222222,0.9543594359435942,89,1
mixed,switch,debiased power,50 vs 500,2,0.9092,0.7059777777777778,0.8785838583858385,0,0
mixed,switch,debiased power,150 vs 600,2,0.9893444444444445,0.777,0.8886048604860486,59,3
mixed,switch,power,50 vs 50,3,0.9046888888888889,0.7228,0.8446084608460845,0,0
mixed,switch,power,150 vs 150,3,0.986,0.7723222222222222,0.8542214221422141,30,0
mixed,switch,power,500 vs 500,3,0.9971666666666666,0.8036333333333333,0.9752055205520551,98,1
mixed,switch,power,50 vs 500,3,0.9604444444444444,0.7390888888888889,0.7346894689468946,0,0
mixed,switch,power,150 vs 600,3,0.9961888888888889,0.7896222222222222,0.9182718271827183,54,1
mixed,switch,signed,50 vs 50,3,0.8950111111111111,0.8941444444444444,0.7961236123612361,36,0
mixed,switch,signed,150 vs 150,3,0.9697277777777777,0.9900777777777777,0.9235403540354035,68,2
mixed,switch,signed,500 vs 500,3,0.9912388888888889,1.0,0.9735613561356133,90,0
mixed,switch,signed,50 vs 500,3,0.95865,0.9668777777777777,0.8308670867086708,67,5
mixed,switch,signed,150 vs 600,3,0.98305,0.9987555555555555,0.9654965496549653,66,0
mixed,switch,debiased power,50 vs 50,3,0.8243611111111111,0.6983444444444444,0.8444404440444043,0,0
mixed,switch,debiased power,150 vs 150,3,0.9634166666666667,0.7543777777777778,0.8453765376537652,0,0
mixed,switch,debiased power,500 vs 500,3,0.9979722222222223,0.7968666666666666,0.9751815181518151,95,1
mixed,switch,debiased power,50 vs 500,3,0.9209777777777778,0.7215888888888888,0.8131293129312931,0,0
mixed,switch,debiased power,150 vs 600,3,0.9921555555555556,0.7847111111111111,0.9248244824482448,57,6
mixed,switch,power,50 vs 50,4,0.90105,0.6800777777777778,0.7559795979597959,0,0
mixed,switch,power,150 vs 150,4,0.9820444444444445,0.7205,0.8658385838583859,15,0
mixed,switch,power,500 vs 500,4,0.9862444444444445,0.7478777777777778,0.915991599159916,96,4
mixed,switch,power,50 vs 500,4,0.9361055555555555,0.6817444444444445,0.7873507350735073,0,0
mixed,switch,power,150 vs 600,4,0.9736333333333334,0.7153888888888889,0.9223402340234023,25,0
mixed,switch,signed,50 vs 50,4,0.8698222222222223,0.9170888888888888,0.7505310531053104,19,0
mixed,switch,signed,150 vs 150,4,0.9843166666666666,0.9965111111111111,0.9339573957395738,83,3
mixed,switch,signed,500 vs 500,4,0.9891333333333333,0.9999444444444444,0.9794179417941793,86,0
mixed,switch,signed,50 vs 500,4,0.9539722222222222,0.9576666666666667,0.8539213921392139,63,1
mixed,switch,signed,150 vs 600,4,0.9797722222222223,0.9899777777777777,0.923120312031203,86,2
mixed,switch,debiased power,50 vs 50,4,0.7901944444444444,0.6440888888888889,0.682136213621362,0,0
mixed,switch,debiased power,150 vs 150,4,0.9576611111111111,0.6925333333333333,0.8755715571557154,0,1
mixed,switch,debiased power,500 vs 500,4,0.9911277777777778,0.7384777777777778,0.912175217521752,91,2
mixed,switch,debiased power,50 vs 500,4,0.8613277777777778,0.6582555555555556,0.8277587758775876,1,0
mixed,switch,debiased power,150 vs 600,4,0.9806277777777778,0.7089444444444445,0.9273447344734473,18,0
mixed,sign flip,power,50 vs 50,0,0.49672777777777777,0.6274444444444445,0.021482590442385586,0,0
mixed,sign flip,power,150 vs 150,0,0.5360388888888888,0.6862,0.06640503893542701,0,0
mixed,sign flip,power,500 vs 500,0,0.47597222222222224,0.6739666666666667,-0.06847279745706734,0,1
mixed,sign flip,power,50 vs 500,0,0.5256444444444445,0.6459222222222222,-0.1119194030358082,0,0
mixed,sign flip,power,150 vs 600,0,0.48749444444444445,0.6795222222222222,-0.06446355574335247,0,0
mixed,sign flip,signed,50 vs 50,0,0.9866444444444444,0.9855,0.9324812481248124,75,2
mixed,sign flip,signed,150 vs 150,0,0.9998888888888889,1.0,0.9660846084608461,100,3
mixed,sign flip,signed,500 vs 500,0,0.9998666666666667,1.0,0.9918391839183918,100,2
mixed,sign flip,signed,50 vs 500,0,0.9996777777777778,0.9994111111111111,0.9484068406840683,96,4
mixed,sign flip,signed,150 vs 600,0,0.9999333333333333,1.0,0.9867506750675067,100,3
mixed,sign flip,debiased power,50 vs 50,0,0.5179277777777778,0.5837444444444444,-0.06150397770665351,0,0
mixed,sign flip,debiased power,150 vs 150,0,0.6061555555555556,0.6877777777777778,0.052617351388458744,0,0
mixed,sign flip,debiased power,500 vs 500,0,0.4785388888888889,0.6741333333333334,-0.0653790518827047,0,0
mixed,sign flip,debiased power,50 vs 500,0,0.6536944444444445,0.6633111111111111,-0.1440327977860165,0,0
mixed,sign flip,debiased power,150 vs 600,0,0.5791888888888889,0.6871333333333334,-0.04263370814466088,0,0
mixed,sign flip,power,50 vs 50,1,0.5515444444444444,0.6639555555555555,0.0906206879863161,0,0
mixed,sign flip,power,150 vs 150,1,0.5912611111111111,0.6761444444444444,0.1104224317082847,0,0
mixed,sign flip,power,500 vs 500,1,0.4164277777777778,0.6571333333333333,0.09297233228612628,0,0
mixed,sign flip,power,50 vs 500,1,0.5539833333333334,0.6526,0.04164058059536508,0,0
mixed,sign flip,power,150 vs 600,1,0.5137888888888889,0.6892555555555555,0.10814568053904171,0,0
mixed,sign flip,signed,50 vs 50,1,0.9838055555555556,0.9676666666666667,0.9102310231023102,84,7
mixed,sign flip,signed,150 vs 150,1,0.9999777777777777,1.0,0.964944494449445,100,5
mixed,sign flip,signed,500 vs 500,1,0.9999111111111111,1.0,0.9908550855085506,100,1
mixed,sign flip,signed,50 vs 500,1,0.9996222222222222,0.9995555555555555,0.9557635763576358,98,11
mixed,sign flip,signed,150 vs 600,1,1.0,1.0,0.9820102010201018,100,1
mixed,sign flip,debiased power,50 vs 50,1,0.6046444444444444,0.6480333333333334,0.08675620244904841,0,0
mixed,sign flip,debiased power,150 vs 150,1,0.6204666666666667,0.6685666666666666,0.1351446541085185,0,0
mixed,sign flip,debiased power,500 vs 500,1,0.4311,0.6589888888888888,0.0957808246823964,0,0
mixed,sign flip,debiased power,50 vs 500,1,0.6744,0.6417666666666667,0.15821922763627388,1,2
mixed,sign flip,debiased power,150 vs 600,1,0.5522333333333334,0.6878333333333333,0.1213643180841531,0,0
mixed,sign flip,power,50 vs 50,2,0.5720944444444445,0.6262222222222222,0.008871901016283726,0,0
mixed,sign flip,power,150 vs 150,2,0.5413777777777777,0.6310222222222223,0.08900316357617019,0,0
mixed,sign flip,power,500 vs 500,2,0.5183444444444445,0.6208888888888889,0.05367342251844247,0,0
mixed,sign flip,power,50 vs 500,2,0.5223611111111112,0.6274444444444445,0.012676399494796856,0,0
mixed,sign flip,power,150 vs 600,2,0.50635,0.6417888888888889,0.0886163992080226,0,0
mixed,sign flip,signed,50 vs 50,2,0.9857333333333334,0.9867222222222222,0.9306210621062105,84,2
mixed,sign flip,signed,150 vs 150,2,0.999,0.9990222222222223,0.9751575157515752,99,13
mixed,sign flip,signed,500 vs 500,2,0.9999111111111111,1.0,0.9879747974797478,100,2
mixed,sign flip,signed,50 vs 500,2,0.9958222222222223,0.9900111111111111,0.9524512451245123,97,10
mixed,sign flip,signed,150 vs 600,2,0.9998888888888889,0.9999888888888889,0.9804620462046203,100,7
mixed,sign flip,debiased power,50 vs 50,2,0.6113055555555555,0.5975777777777778,-0.03155681518069603,0,0
mixed,sign flip,debiased power,150 vs 150,2,0.6187055555555555,0.6290333333333333,0.11254053798058129,0,0
mixed,sign flip,debiased power,500 vs 500,2,0.5269555555555555,0.6206111111111111,0.056585995005105014,0,0
mixed,sign flip,debiased power,50 vs 500,2,0.6441944444444444,0.5970555555555556,0.11814467474353631,0,0
mixed,sign flip,debiased power,150 vs 600,2,0.5857055555555556,0.6414444444444445,0.15608704857385294,0,0
mixed,sign flip,power,50 vs 50,3,0.5156444444444445,0.6529111111111111,0.04321658173390782,0,0
mixed,sign flip,power,150 vs 150,3,0.5687277777777778,0.7047444444444444,0.07998607200400139,0,0
mixed,sign flip,power,500 vs 500,3,0.5607944444444445,0.7034444444444444,0.05493090478580562,0,0
mixed,sign flip,power,50 vs 500,3,0.5983111111111111,0.7076222222222223,-0.005191383453215136,0,0
mixed,sign flip,power,150 vs 600,3,0.5204333333333333,0.6834666666666667,0.09502085784902704,0,0
mixed,sign flip,signed,50 vs 50,3,0.9848111111111111,0.9626333333333333,0.9027542754275426,78,2
mixed,sign flip,signed,150 vs 150,3,0.9999777777777777,0.9999666666666667,0.9789258925892588,100,4
mixed,sign flip,signed,500 vs 500,3,0.9996444444444444,1.0,0.9923792379237922,100,0
mixed,sign flip,signed,50 vs 500,3,0.9999777777777777,0.9989555555555556,0.9591119111911189,100,10
mixed,sign flip,signed,150 vs 600,3,1.0,1.0,0.9864986498649864,100,1
mixed,sign flip,debiased power,50 vs 50,3,0.5814166666666667,0.6244111111111111,0.08954293699742018,0,0
mixed,sign flip,debiased power,150 vs 150,3,0.5954666666666667,0.7007333333333333,0.0798596584458874,0,0
mixed,sign flip,debiased power,500 vs 500,3,0.5682277777777778,0.7030333333333333,0.05311897711950488,0,0
mixed,sign flip,debiased power,50 vs 500,3,0.6650388888888888,0.6972222222222222,0.12549495292504317,0,1
mixed,sign flip,debiased power,150 vs 600,3,0.5997222222222223,0.6906666666666667,0.0014411145624996565,0,0
mixed,sign flip,power,50 vs 50,4,0.5800777777777778,0.6395,0.1309022109011646,0,0
mixed,sign flip,power,150 vs 150,4,0.5384055555555556,0.6669777777777778,0.09992883160392367,0,0
mixed,sign flip,power,500 vs 500,4,0.5339388888888889,0.6827555555555556,0.15680425897575606,0,1
mixed,sign flip,power,50 vs 500,4,0.5916444444444444,0.6485333333333333,0.19741560964958918,0,0
mixed,sign flip,power,150 vs 600,4,0.5373777777777777,0.6751111111111111,0.14076810727652755,0,0
mixed,sign flip,signed,50 vs 50,4,0.9843222222222222,0.9874222222222222,0.9277767776777678,76,1
mixed,sign flip,signed,150 vs 150,4,0.9999444444444444,0.9999111111111111,0.9764536453645363,99,2
mixed,sign flip,signed,500 vs 500,4,0.9997222222222222,1.0,0.9938073807380736,100,1
mixed,sign flip,signed,50 vs 500,4,0.9983444444444445,0.9967333333333334,0.9681728172817281,96,5
mixed,sign flip,signed,150 vs 600,4,1.0,1.0,0.988082808280828,100,7
mixed,sign flip,debiased power,50 vs 50,4,0.6479611111111111,0.6164555555555555,0.10513040568301353,0,0
mixed,sign flip,debiased power,150 vs 150,4,0.6039833333333333,0.6638666666666667,0.10953424226640572,0,1
mixed,sign flip,debiased power,500 vs 500,4,0.5342722222222223,0.6834222222222223,0.1559739607659483,0,1
mixed,sign flip,debiased power,50 vs 500,4,0.6754444444444444,0.6450111111111111,0.23056241661367982,0,1
mixed,sign flip,debiased power,150 vs 600,4,0.5968111111111111,0.6684222222222223,0.17016229193942817,0,0
