method,recall_at_k,auroc,elbow_dimension,power_q_0.1,fdp_q_0.1
DeDi,0.0,0.37915769701574437,2,,
n2v2r (default),0.6792452830188679,0.9703157317124647,2,,
n2v2r euclidean only,0.7358490566037735,0.9777236081212275,2,,
n2v2r cosine only,0.6037735849056604,0.9599003841121101,2,,
n2v2r ULSE,0.6792452830188679,0.9743626271579925,2,,
n2v2r elbow dimension,0.0,0.25604659997467394,2,,
n2v2r degree-adjusted z,0.6037735849056604,0.9531784221856401,2,0.0,0.0
n2v2r degree-adjusted z (mean),0.5943396226415094,0.9525030602338441,2,0.0,0.0
n2v2r degree-adjusted z (elbow),0.0,0.19324849098813895,2,0.0,0.0
