nodes,networks,storage,method,seconds,peak_memory_gb
2000,2,sparse,n2v2r,0.48551055999996606,0.14581680297851562
2000,2,sparse,DeDi,0.0007829639998817584,0.13877487182617188
2000,2,dense,n2v2r,1.0452100969996536,0.3101310729980469
2000,2,dense,DeDi,0.007981284999914351,0.19630050659179688
2000,4,sparse,n2v2r,0.38282738499992774,0.16334915161132812
2000,4,sparse,DeDi,0.002252920999580965,0.1425933837890625
2000,4,dense,n2v2r,2.222476349000317,0.4886131286621094
2000,4,dense,DeDi,0.023243501000251854,0.2619285583496094
5000,2,sparse,n2v2r,1.296679726000093,0.17406845092773438
5000,2,sparse,DeDi,0.0017698500000733475,0.1536712646484375
5000,2,dense,n2v2r,9.341682083999785,1.2503509521484375
5000,2,dense,DeDi,0.0493676310002229,0.5196533203125
5000,4,sparse,n2v2r,1.3846278880000682,0.2156219482421875
5000,4,sparse,DeDi,0.005173875999844313,0.16540908813476562
5000,4,dense,n2v2r,14.455108835999908,2.3679542541503906
5000,4,dense,DeDi,0.15159176599991042,0.9049797058105469
10000,2,sparse,n2v2r,2.22878172899982,0.21926498413085938
10000,2,sparse,DeDi,0.003527703000145266,0.17931747436523438
10000,2,dense,n2v2r,52.87973167199971,4.597221374511719
10000,2,dense,DeDi,0.19524199899979067,1.6467132568359375
10000,4,sparse,n2v2r,3.179025048999847,0.2997169494628906
10000,4,sparse,DeDi,0.016519109999990178,0.20106887817382812
10000,4,dense,n2v2r,70.59228436499961,9.058219909667969
10000,4,dense,DeDi,0.6048790499999086,3.149730682373047
20000,2,sparse,n2v2r,7.6054966910000985,0.30731964111328125
20000,2,sparse,DeDi,0.007054897000216442,0.22843551635742188
20000,4,sparse,n2v2r,11.120928478000224,0.46930694580078125
20000,4,sparse,DeDi,0.023180277999927057,0.27265167236328125
