K,samples,seed,step,sequential,"sequential, pair-only UASE",smoothed moments,smoothed q/r=0.1,smoothed q/r=1.0,smoothed q/r=10.0,sequential auroc persistent,sequential auroc transient,sequential auroc gradual
4,25,0,1,0.7381461131461131,0.7343813593813594,0.6641229141229141,0.7965506715506715,0.7881902048568715,0.7510853344186678,0.8459040959040959,0.8486897717666948,0.6507326007326008
4,25,0,2,0.8524855294518215,0.8296305754170923,0.5123141527635909,0.8375893769152196,0.8570394960844399,0.8652252865736012,0.9993757802746567,0.8667915106117353,0.8088014981273408
4,25,0,3,0.7033024691358025,0.6773456790123457,0.4519598765432099,0.786682098765432,0.7925771604938272,0.7361265432098766,0.9353276353276353,0.8497276688453159,0.519783950617284
4,25,1,1,0.7354043488094084,0.7215760395463797,0.7068753836709638,0.7085554586281542,0.7212367936415625,0.7189105360085296,0.8928511635693956,0.9384208103130756,0.5693984039287907
4,25,1,2,0.8767383223726963,0.8637675131917548,0.858542798471576,0.8595435522861377,0.877791063398404,0.8876296431077955,0.995475113122172,0.9685009487666034,0.7335230866540164
4,25,1,3,0.7778363636363637,0.7514181818181818,0.6725272727272728,0.6791454545454545,0.7428545454545454,0.7725272727272727,0.9743939393939394,0.883961038961039,0.689
4,25,2,1,0.8248330297510625,0.778742097932069,0.799957141326476,0.8065109468195293,0.859102110789671,0.8486731668988178,0.9147209802947508,0.9550091074681238,0.7484820886460231
4,25,2,2,0.8511547769360269,0.8360164141414141,0.8156039562289562,0.8163010311447811,0.8196548821548821,0.8426320496632996,0.8857323232323232,0.9381313131313131,0.7503472222222223
4,25,2,3,0.7780200962812187,0.7387483441568932,0.7183774353009595,0.7235953604083875,0.7595877354528126,0.7816548738328325,0.9757958431991581,0.849401473296501,0.6842848373235113
4,25,3,1,0.7933333333333333,0.784537037037037,0.8289814814814814,0.8149691358024691,0.8344444444444444,0.8075462962962963,0.8756944444444444,0.9159979423868313,0.6867901234567901
4,25,3,2,0.8236952675807165,0.8100121627598408,0.8110072976559045,0.8004339893852278,0.8197147279964617,0.8402808491817779,0.9867246240601504,0.9002506265664161,0.7036654135338346
4,25,3,3,0.8088503649635036,0.781934306569343,0.8234839977540708,0.7857243121841662,0.8332222066254913,0.8267300673778776,0.9768248175182481,0.9106599756690997,0.7121350364963503
4,25,4,1,0.7806481481481482,0.7714197530864197,0.6210185185185185,0.7136111111111111,0.730108024691358,0.7392283950617284,0.9317340067340067,0.916130604288499,0.6394444444444445
4,25,4,2,0.8133983856700575,0.7960526315789473,0.6655379256965944,0.8426028306059266,0.84781346749226,0.847937859354268,0.8287124060150376,0.949968671679198,0.6727443609022556
4,25,4,3,0.7678270634475014,0.7547375070185289,0.5109313587871982,0.7591591802358225,0.7596329309376755,0.7775126333520495,0.8638022561380225,0.9534671532846716,0.6645681265206813
4,25,5,1,0.7381302838164251,0.7172214673913043,0.792553592995169,0.7756642512077294,0.7942897041062802,0.7666062801932367,0.9840982286634461,0.8369565217391305,0.6346920289855073
4,25,5,2,0.8259943181818182,0.7984401304713805,0.8352272727272727,0.7921269991582491,0.8212726220538721,0.8487873526936027,0.8495896464646465,0.9011679292929293,0.7413825757575757
4,25,5,3,0.7493364197530864,0.7347376543209877,0.7713888888888889,0.7620833333333333,0.7803240740740741,0.7535802469135803,0.9689300411522633,0.8988977072310406,0.5787654320987654
4,25,6,1,0.6986243683323975,0.6641107523862998,0.7402793374508703,0.7209608366086468,0.7409811903425042,0.7089766984839978,0.9894160583941606,0.7978254257907542,0.5620133819951338
4,25,6,2,0.8643248996970442,0.8546630639482519,0.8485766532929392,0.827779142443844,0.8553590436420208,0.867026938508147,0.9956057752667922,0.9435655994978029,0.745699937225361
4,25,6,3,0.8233810583038316,0.7987092327453867,0.8289576741125975,0.7849086750838059,0.8357248034086281,0.8214543062126006,0.9069064022853301,0.970117067159581,0.7047134935304991
4,25,7,1,0.8009554689386361,0.7804491048946225,0.6679659204580732,0.8116484426201235,0.844986375081922,0.8299644717326067,0.8813362140601628,0.9669408897014016,0.7050883607556369
4,25,7,2,0.8593711618766888,0.8520429051011218,0.598760883211878,0.8678457381478752,0.8718305630612189,0.8760064412238325,0.9979075120318058,0.9300376647834275,0.7471437539234149
4,25,7,3,0.8158639776052933,0.8233712940577682,0.5115790813080544,0.820842346354498,0.836493192518132,0.8267114136658608,0.9812730627306273,0.9747847478474785,0.6653751537515376
4,25,8,1,0.7383709745681197,0.7114001000346274,0.6151552460467085,0.7977953907121696,0.8194182601669808,0.7507214035627717,0.9581072935503315,0.9894788755548249,0.6023508137432189
4,25,8,2,0.8871967654986523,0.8806603773584906,0.594622641509434,0.8359973045822102,0.8503504043126685,0.8717115902964959,0.9969811320754717,0.9687735849056603,0.7690251572327044
4,25,8,3,0.8212438296237179,0.7986905500871981,0.5599006828057107,0.7949809346457392,0.8473737105022021,0.8303626851112884,0.967611066773078,0.9908850338135843,0.6454996896337678
4,25,9,1,0.7666172260356663,0.7764306163981926,0.6354385843882584,0.8590252147218103,0.8836018074574868,0.8306198475388914,0.9344911639244363,0.9984330112300862,0.6080743449116393
4,25,9,2,0.8143054926914987,0.8003674219228414,0.5366223807875609,0.8634282062887724,0.8613647860699166,0.8234511035970074,0.9707853583089878,0.9496534341524889,0.6215816005040958
4,25,9,3,0.7949711134453782,0.7875525210084033,0.46023174894957986,0.7719439338235294,0.784187893907563,0.779625131302521,0.9943014705882353,0.9343979779411765,0.6541666666666667
4,50,0,1,0.8451363451363452,0.8063525980192647,0.8573463573463573,0.8541242707909374,0.863366571699905,0.841710758377425,0.9879287379287379,0.9980276134122288,0.7265262515262515
4,50,0,2,0.910963568266939,0.8915985699693565,0.8541311996368176,0.8226222903189195,0.8407530359777551,0.9130915900578822,1.0,0.970848938826467,0.833270911360799
4,50,0,3,0.8388580246913581,0.797283950617284,0.8560956790123457,0.8413271604938272,0.8625154320987655,0.8457098765432098,0.9888888888888889,0.9913943355119825,0.6874074074074074
4,50,1,1,0.8540919517947724,0.828519272398307,0.852153403767245,0.8473554973991148,0.8850602565345224,0.8545765888016542,0.9885317261007869,0.9968922651933702,0.7286372007366483
4,50,1,2,0.8659119856515297,0.8573470926152167,0.8684853526032597,0.850913675235892,0.8646253021756648,0.8723454030308544,0.9967887899576704,0.9775142314990513,0.697596457938014
4,50,1,3,0.8247818181818182,0.7883818181818182,0.8326363636363636,0.7937636363636363,0.8170181818181819,0.8330545454545455,1.0,0.9924675324675325,0.7114848484848485
4,50,2,1,0.7989928211721847,0.7483660130718954,0.8389228186720954,0.7912425443765849,0.8344405157327047,0.8233508339583556,0.9874151349561185,0.9919854280510019,0.6655737704918033
4,50,2,2,0.8925057870370371,0.8653593223905723,0.8310842803030303,0.7873658459595959,0.8183922558922558,0.8599800084175084,0.9259785353535354,0.9542613636363636,0.8173611111111111
4,50,2,3,0.8040774126845659,0.7586184614390489,0.8416044715841168,0.795418564828277,0.8349487900229395,0.8175664760427773,0.9971060247303342,0.9393646408839779,0.6688459177409454
4,50,3,1,0.8878858024691358,0.8575154320987655,0.8710185185185185,0.8560648148148148,0.8838271604938271,0.89875,0.9902777777777778,0.9883744855967078,0.7866358024691358
4,50,3,2,0.8947091994692614,0.8877985404688191,0.8945295223352498,0.884813135780628,0.9062776426360017,0.9056003980539584,0.9964755639097744,0.9824561403508771,0.7798245614035088
4,50,3,3,0.834871560920831,0.7909531162268388,0.8666654969118472,0.8523476979225154,0.8724206906232453,0.8506983436271758,0.9991788321167884,0.9884428223844283,0.7186739659367397
4,50,4,1,0.8178858024691358,0.7940586419753086,0.8575771604938272,0.7532098765432099,0.8410802469135803,0.8504012345679013,0.9794612794612795,0.9744152046783626,0.6595061728395062
4,50,4,2,0.8870660106147722,0.8779024767801857,0.8736731534719151,0.8526785714285714,0.8683381247235736,0.8693609022556391,0.9681625939849624,0.9769736842105263,0.7755325814536341
4,50,4,3,0.7780039303761932,0.7533338012352611,0.7843381527231892,0.7956555306007861,0.7890756597417181,0.77214345873105,0.968065693430657,0.9868944923689449,0.6317214111922141
4,50,5,1,0.8119338768115942,0.7527173913043478,0.8305970712560387,0.8167459239130435,0.8322199577294686,0.8160288345410628,0.9317632850241546,0.9885265700483091,0.7230072463768116
4,50,5,2,0.9000026304713805,0.882260101010101,0.9100115740740741,0.8781171085858586,0.9050399831649831,0.9167850378787878,0.9995265151515151,0.9859217171717172,0.7742739898989899
4,50,5,3,0.8686265432098765,0.8255555555555556,0.8710802469135802,0.8504012345679013,0.8690123456790123,0.8672530864197531,0.931275720164609,0.9847883597883598,0.7685185185185185
4,50,6,1,0.8034811903425042,0.7486664795058956,0.8444693992139247,0.8157109769792251,0.8642616507580011,0.8387142055025266,0.9956204379562044,0.9869221411192214,0.666058394160584
4,50,6,2,0.8834575179453588,0.8844537241736947,0.8566554764049237,0.8440869019350965,0.8710117634214908,0.8884521957477005,0.9989537560159029,0.9534839924670433,0.778782172002511
4,50,6,3,0.8782073373225978,0.8420376578213603,0.8939346470754096,0.8740248754660234,0.9059181052037971,0.894968514051192,0.9712653335573853,0.9944547134935305,0.7743376463339495
4,50,7,1,0.8570418405712118,0.788468835155738,0.8426235728329482,0.8372943327239488,0.8482977475768342,0.8861543237556483,0.9970915738740236,0.9992382693479586,0.7488117001828154
4,50,7,2,0.9336226425393707,0.9200305685198832,0.9203853816970987,0.9172739430661317,0.9298561641966211,0.9457545238680095,0.997489014438167,0.9927809165097301,0.8553044569993723
4,50,7,3,0.8148619417228655,0.7856597531492556,0.8938160071255885,0.8891398396742588,0.8826504644356788,0.835157144674895,0.9906826568265683,0.9923636736367364,0.6497539975399754
4,50,8,1,0.7631103074141049,0.7399869185487284,0.8653764764726252,0.856508022007618,0.8582971028432919,0.7892924473856335,0.9920132610006027,0.991780371527207,0.6334840265220012
4,50,8,2,0.8953369272237197,0.8797439353099731,0.9192048517520216,0.9161051212938005,0.9205660377358491,0.9077358490566038,0.9882075471698113,0.990062893081761,0.7696540880503144
4,50,8,3,0.7884336850817297,0.7483668824450947,0.9023528716266146,0.9069935857645355,0.8947267299222607,0.8360527327007774,0.9595637137536579,0.9994119376653925,0.5749534450651769
4,50,9,1,0.8237384015729019,0.7862957469559518,0.9051602221379048,0.8871028940015867,0.9146976647925218,0.865975647614777,0.972069876091814,0.999216505615043,0.6973491773308957
4,50,9,2,0.8827178572379456,0.8772597779493597,0.9268883623099656,0.9290715940254001,0.9192603636944541,0.8878564392023217,0.9274789482728991,0.9868935097668557,0.7621298046628859
4,50,9,3,0.8044905462184874,0.7641314338235294,0.8828617384453782,0.8811055672268907,0.8732766544117647,0.8199021796218487,0.9959558823529412,0.9867876838235294,0.6434436274509804
4,100,0,1,0.8622473205806539,0.8145265228598562,0.8712352462352463,0.8729310812644145,0.8863790530457197,0.8473578890245557,0.994005994005994,0.9969005353620738,0.7555860805860806
4,100,0,2,0.9089490409715129,0.890421064578368,0.9106798320281466,0.895655998184088,0.907374304846215,0.9118431506071956,1.0,0.9931960049937578,0.8064918851435705
4,100,0,3,0.8489506172839506,0.8020524691358024,0.8752623456790124,0.8977314814814815,0.9039197530864198,0.8448302469135802,0.9991452991452991,0.9958605664488017,0.7006172839506173
4,100,1,1,0.7913799231042615,0.7834318761913993,0.8312009305030532,0.821185099027495,0.8288746728700204,0.793851571839359,0.9794073329984933,0.9972375690607734,0.612645794966237
4,100,1,2,0.8919835720412779,0.8927243898001092,0.9079956330742638,0.8971303059447376,0.92340984117907,0.9180551584310259,1.0,0.9948134092346617,0.7423466160657811
4,100,1,3,0.7964181818181818,0.7112909090909091,0.8763090909090909,0.8577636363636364,0.8811272727272728,0.8144363636363636,1.0,0.9735714285714285,0.673030303030303
4,100,2,1,0.8479767134540519,0.8048144576592021,0.8817100610736097,0.8655130540376442,0.878781385049466,0.8568698882102932,0.9951978804437821,0.9872495446265938,0.7475713418336369
4,100,2,2,0.9157986111111112,0.8938078703703703,0.8882575757575758,0.8367792508417509,0.8745133627946128,0.9248737373737373,0.9744318181818182,0.974179292929293,0.8339646464646465
4,100,2,3,0.850311783141094,0.794384672546929,0.851620303059675,0.8411844528448192,0.8561597363574682,0.8404251882007043,0.9975006577216522,0.9940147329650092,0.7201657458563536
4,100,3,1,0.8923456790123456,0.8440123456790124,0.9095061728395062,0.9202777777777778,0.9158179012345679,0.9008333333333334,0.9888888888888889,0.9905349794238684,0.7948148148148149
4,100,3,2,0.9159663865546218,0.9027393852277753,0.9504505749668288,0.9024629588677576,0.932234077841663,0.9589921494913755,0.9936560150375939,0.9909774436090225,0.8202380952380952
4,100,3,3,0.8862120999438517,0.8284846996069624,0.8864928411005053,0.8817377877596856,0.9003368893879843,0.8764037057832679,0.9905109489051095,0.9930048661800487,0.8087287104622871
4,100,4,1,0.7815277777777778,0.7368518518518519,0.8038271604938272,0.7874537037037037,0.8051851851851852,0.778395061728395,0.9650673400673401,0.9946393762183235,0.5792592592592593
4,100,4,2,0.8939490269792127,0.8950961963732862,0.8650486510393631,0.8448418841220698,0.8757463511720478,0.8989938080495357,0.9820253759398496,0.9847744360902255,0.7796365914786968
4,100,4,3,0.8355032285233015,0.7866542672655812,0.8878790005614823,0.8691570746771476,0.8941254912970241,0.8572782144862436,0.988885202388852,0.9936960849369608,0.7212591240875912
4,100,5,1,0.8689990942028986,0.8280683876811594,0.8534684480676329,0.8717730978260869,0.8584880736714976,0.8486564009661836,0.9869162640901772,0.9867149758454107,0.7983091787439613
4,100,5,2,0.9065261994949495,0.8900199915824916,0.9098142887205387,0.8654908459595959,0.9018965698653199,0.9289246632996633,0.99447601010101,0.9859217171717172,0.7919507575757576
4,100,5,3,0.8605401234567901,0.8065586419753087,0.8774691358024691,0.828287037037037,0.8730864197530864,0.8666666666666667,0.992798353909465,0.9888007054673721,0.7310802469135802
4,100,6,1,0.8498034811903425,0.8036917462099944,0.8569974733295901,0.8373631386861314,0.8561377035373385,0.8460836608646828,0.9963503649635036,0.9867700729927007,0.7461678832116788
4,100,6,2,0.9031632959414831,0.8831299980894675,0.8712028166707607,0.8431725756707333,0.8796228062992986,0.9184475558830754,1.0,0.9912115505335845,0.7860640301318268
4,100,6,3,0.8077164071556127,0.7615526802218114,0.8895328801027601,0.8692314922146683,0.8873241642908613,0.8295372662050816,0.997143337254243,0.9816697473813925,0.6338878619839803
4,100,7,1,0.8445034665930806,0.757372977820703,0.9078162188265324,0.9004518643717015,0.9149218723051982,0.8656824531751233,0.9983380422137278,0.9992382693479586,0.7262035344302255
4,100,7,2,0.9185567291683725,0.920207975108491,0.9194847020933977,0.9159229236605803,0.9350828352302192,0.930456617265755,0.9983260096254446,0.9873822975517891,0.8258003766478342
4,100,7,3,0.8972356533910166,0.8372407430970862,0.9275989311617254,0.9196303600967044,0.9246564448403105,0.895804173558977,0.9887453874538745,0.9928249282492825,0.8093788437884378
4,100,8,1,0.7578777269054673,0.6709630256627294,0.8504482320803355,0.8454657381401254,0.8470239698357124,0.7868492939863799,1.0,0.996547756041427,0.6219409282700422
4,100,8,2,0.8960512129380054,0.8973719676549865,0.892722371967655,0.8807142857142857,0.9027493261455526,0.896644204851752,0.9932075471698113,0.9916352201257862,0.7680817610062893
4,100,8,3,0.80693742425586,0.7491797463864504,0.9063876326446159,0.8918890957997103,0.9058555762466377,0.8497384056043273,0.9982708167065709,0.9958835636577478,0.5979826194909994
4,100,9,1,0.8192370045876306,0.7754303059570211,0.8766686212962643,0.928374323065779,0.9240281466662068,0.8442620123486599,1.0,1.0,0.6806520414381475
4,100,9,2,0.8838893474267153,0.8880428126414441,0.9228547085918155,0.9174099416917383,0.9331451849090764,0.9000239622993157,0.9874548891562124,0.9954001260239446,0.7344045368620038
4,100,9,3,0.8893612132352942,0.8131236869747899,0.9048220850840336,0.9322314863445378,0.9271106880252101,0.8968946953781513,0.9924632352941176,0.9903492647058824,0.8011335784313726
8,25,0,1,0.6288189110769756,0.6402329749103942,0.5592037890424987,0.7466077828981055,0.6901348352961256,0.6507723160948967,0.745221027479092,0.9253285543608124,0.546236559139785
8,25,0,2,0.7074372759856631,0.7081839904420549,0.6262374125277351,0.8403097798259088,0.7849249018603858,0.7476745178358082,0.973715651135006,0.9085025886101155,0.6204898446833931
8,25,0,3,0.7326454033771107,0.7268641738295737,0.5308259522666783,0.8763907674854924,0.8139753043326498,0.7536541733932545,0.9973166368515206,0.9587273191924355,0.6446034585569469
8,25,0,4,0.8398404164533196,0.7909199522102748,0.5268390510325994,0.8629885646014678,0.8931558286396996,0.8452380952380952,0.9516129032258065,0.9711469534050179,0.7886200716845878
8,25,0,5,0.6620748855461086,0.6162524525833878,0.5054978744277305,0.8230256703727927,0.783273381294964,0.6914241334205363,1.0,0.9040767386091128,0.5427458033573141
8,25,0,6,0.7197491439344389,0.6627294063329614,0.5195644646223693,0.8178215536147128,0.7535877803855181,0.7180754876688085,0.9025015069318867,0.7217655761959559,0.6824593128390597
8,25,0,7,0.633363201911589,0.5739033964840417,0.4457885304659498,0.78584229390681,0.6847584912101041,0.6473800989930022,0.9233230926779313,0.8698924731182796,0.526284348864994
8,25,1,1,0.6197653542649576,0.5736921214145547,0.6408500688906518,0.6512880464281241,0.6006221034612333,0.6112479645943802,0.8761220825852782,0.949345986150295,0.49159186116098147
8,25,1,2,0.7209634749957331,0.6909668885475337,0.8104198668714798,0.8166495989076634,0.753605564089435,0.7267451783580816,1.0,0.9526881720430107,0.6251194743130227
8,25,1,3,0.8120093599033816,0.7797592089371981,0.8633001207729468,0.8645078502415459,0.8450520833333334,0.8170478562801933,0.8969404186795491,0.9917471819645732,0.7326086956521739
8,25,1,4,0.8268668668668668,0.7906706706706707,0.8313713713713714,0.8312712712712713,0.8390390390390391,0.8304704704704705,0.9446846846846847,0.9657657657657658,0.7609309309309309
8,25,1,5,0.753872332998822,0.6845848422706051,0.7315546053492735,0.736528644356211,0.7523670317204066,0.7582791570312841,0.9955277280858676,0.9862850327966607,0.6680381633870006
8,25,1,6,0.6803466317854807,0.5960186396337476,0.7263530085022891,0.7296231196860693,0.711801013734467,0.7025425114453892,0.9469424460431655,0.9585431654676259,0.552068345323741
8,25,1,7,0.5258268926119726,0.550549661562095,0.651408957803274,0.6715952186644905,0.5475493255244588,0.5190581345110652,0.9955595026642984,0.8364120781527531,0.44274718768502075
8,25,2,1,0.701166530651433,0.7098555038164275,0.8156353511593298,0.8157313619125343,0.7285776006912774,0.7082953290768567,0.8662522202486679,0.9746891651865008,0.655417406749556
8,25,2,2,0.7608705357142858,0.7216294642857143,0.8771651785714286,0.8773883928571429,0.8385491071428571,0.7734821428571429,0.9098214285714286,0.9797619047619047,0.6972321428571429
8,25,2,3,0.838127844348879,0.7995282034153063,0.8581896371759008,0.8581478852657509,0.8431380735668657,0.8566865684105048,0.9296229802513465,0.9180879712746858,0.8015559545182526
8,25,2,4,0.809694487113842,0.7758149854924048,0.8494196961938898,0.8492916880013655,0.8301757979177334,0.8389443591056495,0.9826762246117084,0.9253285543608124,0.7577060931899642
8,25,2,5,0.8209636363636363,0.7989272727272727,0.8500909090909091,0.8499818181818182,0.8414727272727273,0.8369636363636364,0.8625,0.8739393939393939,0.7886969696969697
8,25,2,6,0.7898255490944109,0.7595651690803363,0.7748805511315234,0.7747509167006186,0.7353235305011296,0.7774362013407904,0.941923774954628,0.9127646702964307,0.708076225045372
8,25,2,7,0.6644270761917821,0.6802413273001509,0.8088578088578089,0.8086749851455733,0.744503862150921,0.6543260660907719,1.0,0.9895276292335116,0.5665478312537136
8,25,3,1,0.6589286459855538,0.6940002505114609,0.8161245876998873,0.8112187382572753,0.7146465700805812,0.6650870527326626,0.9020047875523639,0.9376763272634009,0.5452722920406942
8,25,3,2,0.6960053366818396,0.6608067807251609,0.8434311725003925,0.8393894208130592,0.7956560979438079,0.7201577460367289,0.9831528279181708,0.9327270202721466,0.5647111913357401
8,25,3,3,0.754974974974975,0.7487887887887887,0.9001401401401401,0.904024024024024,0.8305905905905906,0.7627027027027027,0.9900900900900901,0.9773955773955774,0.6420720720720721
8,25,3,4,0.8000313922461152,0.7846295714958406,0.8810037670695339,0.8842410924501648,0.8448830638832209,0.8047009888557526,0.9924187725631769,0.9867082376107646,0.6995186522262334
8,25,3,5,0.7305728871242201,0.6721497447532615,0.845150311968236,0.8464156376805271,0.8647192285876347,0.8058379510449845,0.5500894454382826,0.9507056251242297,0.6765652951699463
8,25,3,6,0.667088441904097,0.6263144116235437,0.825603211309394,0.8272394083511497,0.7682926829268293,0.7021030585976701,0.8711985688729875,0.774597495527728,0.6115682766845557
8,25,3,7,0.5277205469188987,0.6089389398763814,0.8050664918524069,0.8001732534182431,0.6365892489230193,0.5460760442030342,0.9683274021352313,0.8736654804270463,0.41969157769869514
8,25,4,1,0.6575548671408002,0.6526026440944195,0.5970155765958375,0.6955146385095335,0.6363061215585322,0.6450761377023431,0.8858676207513417,0.8416815742397138,0.5826774001192606
8,25,4,2,0.6961087219740303,0.7066093273767274,0.6454845309172894,0.8768527410129013,0.7373804851571959,0.699240115235272,1.0,0.898065030919609,0.5950029922202275
8,25,4,3,0.7522796352583586,0.722807895040591,0.6182332345812012,0.8730906852371975,0.8148012773652418,0.7699588319033511,0.7719258589511754,0.8714703018500487,0.6980108499095841
8,25,4,4,0.8097225962833289,0.7485475741602863,0.566965488053557,0.8947327921203494,0.8777846177522989,0.82138047785772,0.9579566003616636,0.9364306579496453,0.7350512356841471
8,25,4,5,0.7457890070921985,0.7138741134751773,0.4706708037825059,0.8552994483845547,0.7939076044129235,0.7844513396375099,0.9645390070921985,0.9485815602836879,0.7041666666666667
8,25,4,6,0.6916692826871763,0.6704206560979438,0.5307840213467273,0.8367210798932664,0.7686980065923716,0.7018913828284413,0.8506317689530686,0.8522111913357401,0.606468110709988
8,25,4,7,0.6952678571428571,0.6652008928571429,0.4464732142857143,0.7085044642857142,0.6726116071428572,0.6827455357142858,0.9529761904761904,0.9420918367346939,0.611904761904762
8,25,5,1,0.6536102266342012,0.6390475744521446,0.7596225884997191,0.7863832178310545,0.719071923581195,0.6726446900168571,0.9919928825622776,0.8831553973902728,0.574258600237248
8,25,5,2,0.6547602724073313,0.5956625074272133,0.7358425887837653,0.7474061885826592,0.699552081905023,0.6647927236162531,0.9670231729055259,0.9325184619302266,0.5691325014854427
8,25,5,3,0.7721180744019039,0.7341238361655046,0.8410922299695212,0.831718926140871,0.8186297023088807,0.7756043588994197,0.9476788920235958,0.9488330341113106,0.6958108916816278
8,25,5,4,0.8392430448882062,0.7680491551459293,0.8675968595323434,0.860257723160949,0.8640979689366786,0.8444060419866871,1.0,0.9672939068100358,0.7836618876941458
8,25,5,5,0.7466623061829095,0.7118810357431419,0.8758801123465815,0.8702627832711323,0.8362510099649879,0.763975991689431,1.0,0.9190429823341216,0.6381856540084389
8,25,5,6,0.7197399907139541,0.7227222400800029,0.8801921497196329,0.8807635986999536,0.8033144040858602,0.7367227400978607,0.9954462659380692,0.9410443230115362,0.55394656952034
8,25,5,7,0.7072767857142858,0.7178348214285715,0.7388169642857143,0.7482589285714286,0.7250223214285715,0.7217857142857143,0.9625,0.9982142857142857,0.6126785714285714
8,25,6,1,0.574384331045077,0.5620949546349191,0.6200854495703518,0.6601939417214728,0.6005472612932649,0.5718880514617637,0.9960035523978685,0.9816459443457667,0.47744227353463586
8,25,6,2,0.66709589810826,0.6825014047574453,0.7936645439220827,0.8074077542610976,0.7670443903352687,0.6877692451769994,0.9875444839857651,0.9638790035587189,0.5855871886120997
8,25,6,3,0.8594394394394395,0.7951551551551551,0.8746546546546546,0.8545145145145145,0.8793993993993994,0.8515115115115115,0.9837837837837838,0.9728728728728728,0.8005405405405406
8,25,6,4,0.6936662352302618,0.6926850653417393,0.8152477975867396,0.8201327710742766,0.8136821009561187,0.7169429251388251,0.9784560143626571,0.9257929383602633,0.5913225613405146
8,25,6,5,0.7599818181818182,0.7382727272727273,0.8551454545454545,0.8512727272727273,0.8331818181818181,0.7732727272727272,0.98,0.9274380165289257,0.6325757575757576
8,25,6,6,0.7149590242776346,0.6914316494171059,0.8449270901465892,0.8427340233157632,0.8222076872763648,0.756473394636605,0.9934448462929476,0.9236333286966198,0.5874020494273658
8,25,6,7,0.6893080357142857,0.7102232142857143,0.8375,0.8399553571428572,0.8093303571428572,0.7146875,0.9702380952380952,0.9793367346938775,0.5935416666666666
8,25,7,1,0.6532789388716785,0.6855447445351018,0.7747065753305118,0.784458309699376,0.7285658187529997,0.6650595575723199,0.8933363148479427,0.9946332737030411,0.5551282051282052
8,25,7,2,0.7061337355455003,0.6526349467525938,0.808972073677956,0.8049270990447461,0.7915809680515563,0.7405731523378583,0.948306595365419,0.928698752228164,0.6374034462269756
8,25,7,3,0.7686199223351804,0.6812470003054234,0.812339107290894,0.8160914525066538,0.7969806710589468,0.7966097997294821,0.981216457960644,0.9411647783740807,0.7026833631484795
8,25,7,4,0.7226128188358404,0.7004373773708306,0.85327419882276,0.8484712230215827,0.8370053956834532,0.7542715827338129,1.0,0.9839928057553957,0.5985011990407674
8,25,7,5,0.7306952406602285,0.6856604209149321,0.9420953406948559,0.9440960332422762,0.8580470162748643,0.7565503443499673,0.9945750452079566,0.9972053263192504,0.5801989150090416
8,25,7,6,0.8074992451690821,0.7909307065217391,0.8513737922705314,0.8504868659420289,0.8291440217391305,0.8105940519323671,0.9605978260869565,0.9268892339544513,0.7313707729468599
8,25,7,7,0.6416964285714286,0.6999330357142857,0.8077901785714285,0.8112723214285714,0.7399776785714286,0.6730580357142857,0.9875,0.9331632653061225,0.5391071428571429
8,25,8,1,0.5861694058154235,0.5739570164348925,0.5632111251580278,0.7896080910240202,0.6809102402022756,0.6008849557522123,0.9941002949852508,1.0,0.517787610619469
8,25,8,2,0.7489955357142857,0.7543526785714286,0.6121205357142857,0.8461607142857143,0.8147098214285714,0.7817857142857143,1.0,0.9984693877551021,0.6656845238095238
8,25,8,3,0.7973773773773773,0.731931931931932,0.5861261261261261,0.8839239239239239,0.8825825825825826,0.8094694694694695,1.0,0.9855855855855856,0.7003903903903904
8,25,8,4,0.78296185842097,0.7450557212368545,0.490209543242819,0.8347983048187098,0.7968529273269502,0.7685410453617957,0.6597472924187726,0.990587931923672,0.6942839951865223
8,25,8,5,0.8055113152338975,0.7629356642838624,0.5691507092855291,0.8003629764065335,0.8332716026519501,0.8301974147190637,0.9351179673321234,0.9926194797338173,0.6946763460375076
8,25,8,6,0.7028503157535415,0.66163167776071,0.5107740228707971,0.7847968936678614,0.7322281959378734,0.7041730670762929,1.0,0.97610513739546,0.5911589008363202
8,25,8,7,0.7321823723435347,0.718111978623022,0.48858085257400524,0.7757713665400192,0.7250636716629786,0.7244373930107303,0.9982046678635548,0.998653500897666,0.6168461998803112
8,25,9,1,0.560591871136917,0.6168289941936692,0.5761846787787975,0.8830071174377224,0.7258147593182244,0.601165948679528,0.9411032028469751,0.9970344009489917,0.4535290628706999
8,25,9,2,0.6826765860039241,0.6925482341399608,0.5824068018312623,0.8970732504905167,0.7690688358404185,0.7079586330935251,0.988009592326139,0.9964028776978417,0.5371103117505995
8,25,9,3,0.7621221221221222,0.7497497497497497,0.6272472472472472,0.9035835835835836,0.8276476476476476,0.7481481481481481,0.9986486486486487,0.9981981981981982,0.644024024024024
8,25,9,4,0.828008008008008,0.7719119119119119,0.6016616616616617,0.9141341341341341,0.905965965965966,0.844024024024024,0.9885885885885886,0.9807807807807808,0.7508408408408408
8,25,9,5,0.7477355072463768,0.7163911533816425,0.5974864130434783,0.907061443236715,0.8583182367149759,0.8008567330917874,0.9993961352657005,0.8986262077294686,0.6370471014492753
8,25,9,6,0.7251339285714286,0.72359375,0.6106473214285715,0.8631919642857143,0.8068973214285714,0.7468303571428572,0.9083333333333333,0.9595663265306122,0.6521130952380952
8,25,9,7,0.7280133928571428,0.74296875,0.5394866071428571,0.7283705357142857,0.7169419642857143,0.7250892857142858,1.0,0.9950892857142857,0.6380059523809524
8,50,0,1,0.7602833247994538,0.721347499573306,0.8083717357910907,0.8094171360300393,0.7807859703020993,0.7728281276668374,0.9958183990442055,0.9967144563918757,0.6658900836320191
8,50,0,2,0.786204983785629,0.7281319337770951,0.8780081925243216,0.8794376173408431,0.7907279399214883,0.781447345963475,0.9883512544802867,0.9965153325368379,0.7028972520908005
8,50,0,3,0.8407871198568873,0.7492037174396788,0.9005192198612505,0.9011518827173961,0.8958724202626641,0.8359003446921768,1.0,0.9884998722208025,0.785092426952892
8,50,0,4,0.8885048643113159,0.840352449223417,0.8745733060249189,0.8739545997610514,0.9037591739204642,0.892515787677078,1.0,0.9770609318996416,0.8515531660692951
8,50,0,5,0.7498569326357096,0.672723185088293,0.8504332897318508,0.8494318181818182,0.8699517658600392,0.8156883584041857,1.0,0.9806654676258992,0.6408573141486811
8,50,0,6,0.825862798661075,0.7865030202762495,0.8794967488746105,0.8791697125928206,0.8011427032434304,0.7988149744142203,0.9981916817359855,0.974025974025974,0.7370705244122966
8,50,0,7,0.6217144563918757,0.6648958866700803,0.8111879160266257,0.8140681003584229,0.7141363713944359,0.6460360129714968,0.9795186891961085,0.8862007168458781,0.4941457586618877
8,50,1,1,0.7076740010855497,0.6642311385745898,0.7500521898876874,0.7763767692371926,0.7496346707861885,0.6990104797294476,0.9899760622381807,0.9987176199025392,0.5833034111310592
8,50,1,2,0.6737711213517665,0.6310803891449053,0.7296893667861409,0.8223886328725039,0.7278972520908005,0.6886627410820959,1.0,0.9960573476702509,0.5445937873357228
8,50,1,3,0.7731921799516909,0.7266002415458938,0.7766832729468599,0.8680555555555556,0.7759284420289855,0.7824388586956522,0.9869162640901772,0.9993961352657005,0.641213768115942
8,50,1,4,0.8273473473473474,0.7827227227227227,0.8454854854854855,0.8983583583583583,0.842062062062062,0.8171371371371371,1.0,0.9330630630630631,0.7633333333333333
8,50,1,5,0.8056634233605305,0.7158252977878616,0.8911165408612941,0.9005410358218072,0.8895239757406519,0.8443431214276365,1.0,0.996223414828066,0.7355396541443053
8,50,1,6,0.6993950294310006,0.6349942773054283,0.8387630804447351,0.8669882275997384,0.8341031720078482,0.7133747547416612,0.9995503597122302,0.9980215827338129,0.559832134292566
8,50,1,7,0.6623061782919687,0.5797609332245212,0.648480629830541,0.7137919446978062,0.6469444577792712,0.6538332293216841,1.0,0.9865008880994671,0.5857608052101836
8,50,2,1,0.6587537804234074,0.6447602131438721,0.7099035091930296,0.7498439825260429,0.7005424607556047,0.6733234122221688,1.0,0.9964476021314387,0.5793664890467732
8,50,2,2,0.8124330357142857,0.7132589285714286,0.8065401785714286,0.8553794642857143,0.7934821428571428,0.7717857142857143,0.9955357142857143,0.9794642857142857,0.7546130952380953
8,50,2,3,0.7751659638428459,0.6949605444449084,0.8845142165254061,0.8891904304621936,0.8764143459563275,0.793975199365371,1.0,0.9925942549371634,0.6797127468581687
8,50,2,4,0.8317332309267793,0.73568441713603,0.8554360812425329,0.8532172725721113,0.8563108038914491,0.818505717699266,0.9689366786140979,0.9573874950219037,0.7803166069295101
8,50,2,5,0.8459818181818182,0.7962,0.8491454545454545,0.8716727272727273,0.836,0.8245090909090909,0.9968181818181818,0.9790151515151515,0.7525454545454545
8,50,2,6,0.8476425052779732,0.7701025963924589,0.8761435608726249,0.8936442090447795,0.8714952405644654,0.8565872810104078,0.9879764065335753,0.9874168179068361,0.7590441621294616
8,50,2,7,0.6900909547968371,0.6607020430549843,0.7033228209698797,0.7788747200511906,0.6982037570272864,0.7001462589697883,0.9982174688057041,0.9524286987522281,0.6098633392751039
8,50,3,1,0.7345413552670035,0.7201369462652917,0.8102375683687528,0.850194146382197,0.7928478977913239,0.7522650411256315,0.9844404548174746,0.9830725827135163,0.6265709156193896
8,50,3,2,0.7707777428975043,0.7113482969706483,0.8766677130748705,0.898073300894679,0.855360226024172,0.7886124627217077,1.0,0.9970147181338517,0.6498194945848376
8,50,3,3,0.8106106106106106,0.7539539539539539,0.917957957957958,0.9265265265265266,0.9043843843843844,0.8196396396396396,1.0,1.0,0.715915915915916
8,50,3,4,0.816041437764872,0.7549442787631455,0.8765892324595825,0.8862031078323654,0.8625215821692042,0.8309723748234186,0.9898916967509025,0.9853954709550378,0.7249699157641396
8,50,3,5,0.8061651904533357,0.7424625856276452,0.8122300274881104,0.842423316898643,0.7996640342074262,0.8037218028709804,0.9458855098389982,0.9611409262572054,0.7503577817531306
8,50,3,6,0.8493389763951307,0.7407609407042192,0.8223308172258824,0.8649592041537589,0.8156333173349622,0.8572799860377852,0.9992844364937388,0.9958258795468098,0.7950506857483601
8,50,3,7,0.6928263719797715,0.7105731410376475,0.8375632140850346,0.8783714178685147,0.8211275519760255,0.7166135980520697,0.998932384341637,0.9098457888493475,0.6201067615658363
8,50,4,1,0.6688555347091932,0.6472577337580173,0.7408045726253327,0.7320345564815219,0.732274532047646,0.6941402329944587,0.9910554561717353,0.9865831842576028,0.5516100178890877
8,50,4,2,0.7823472923886268,0.7403239948227631,0.858106133355601,0.8330549872656674,0.8393595256983007,0.7799465575550082,1.0,0.997606223818073,0.6887492519449432
8,50,4,3,0.7336000923396561,0.6806009772613597,0.8475049055442269,0.833865568850756,0.8300180831826401,0.7579931514755107,0.9968354430379747,0.9951314508276533,0.5851717902350814
8,50,4,4,0.8283829017736909,0.7734023315763149,0.8288061251971837,0.822015312992959,0.8150898387903505,0.8305567311761763,0.9972875226039783,0.9915843650020866,0.7351416515973478
8,50,4,5,0.8160460992907801,0.7431048069345941,0.833628841607565,0.8410904255319149,0.8166863672182821,0.8047921591804571,0.9920212765957447,0.9968971631205674,0.7802009456264776
8,50,4,6,0.8115288023858107,0.7569847747606341,0.8038769423952283,0.8208876157589076,0.7852574164181447,0.8087819808507298,0.9756317689530686,0.9914259927797834,0.7197954271961492
8,50,4,7,0.7293526785714286,0.6938392857142858,0.7425669642857143,0.7880357142857143,0.7294866071428572,0.7339285714285714,0.9892857142857143,0.9997448979591836,0.6402678571428572
8,50,5,1,0.6676812137104327,0.6556705375538491,0.7569301367297246,0.8050430792283199,0.7595055253792845,0.6685943060498221,0.9850533807829182,0.998220640569395,0.5817319098457888
8,50,5,2,0.7807258101375748,0.6750537044654692,0.8516614104849399,0.90177796060149,0.8535353535353535,0.7887472005119064,1.0,0.9997453526865292,0.7150029708853238
8,50,5,3,0.8503402780677216,0.7427038537013069,0.9348461442110977,0.9077491545238194,0.9340737338733247,0.887165462819924,0.9871761990253911,0.9961101137043686,0.7892579293836026
8,50,5,4,0.8708183990442055,0.7819593787335722,0.8601510496671787,0.8620498378562894,0.8596390168970814,0.8592976617170166,1.0,0.996415770609319,0.8201015531660693
8,50,5,5,0.8338848062790966,0.8005848178215537,0.8293255357623793,0.8356161748297488,0.8294217229040822,0.8398676464930168,1.0,0.9767700653776603,0.7498191681735985
8,50,5,6,0.7821350762527233,0.7374549091038965,0.8163148683881567,0.8529233186899532,0.8162255794849816,0.7933140469302475,0.9902853673345476,0.9914996964177292,0.6358227079538555
8,50,5,7,0.7171651785714286,0.6947098214285714,0.7317633928571429,0.7849776785714285,0.7322767857142857,0.7127901785714286,0.9758928571428571,0.9977678571428571,0.6250892857142857
8,50,6,1,0.5924103499591954,0.6086361672507321,0.6390955787048149,0.783063703134751,0.6932696462003745,0.6181892371945658,1.0,1.0,0.4973060982830077
8,50,6,2,0.7562043453830305,0.720593744146844,0.7026830867203596,0.8661500280951488,0.7715162015358681,0.7644455890616221,0.9397983392645315,1.0,0.6972123368920522
8,50,6,3,0.7778578578578579,0.7058058058058058,0.6445845845845846,0.9033833833833834,0.8756956956956957,0.7952752752752753,0.9987987987987988,0.8802802802802803,0.7029429429429429
8,50,6,4,0.8161245876998873,0.7244165170556554,0.6185963007807607,0.8787315769696463,0.9049935284539268,0.8302158573754749,1.0,0.9995511669658886,0.7366247755834829
8,50,6,5,0.8090727272727273,0.7389272727272728,0.6561636363636364,0.8798181818181818,0.8843272727272727,0.8226545454545454,0.9967676767676767,0.9943801652892562,0.6848181818181818
8,50,6,6,0.7778077026663076,0.716632680543265,0.5431110769112385,0.8845754299565234,0.8180908776114809,0.7568966180600978,0.9796564195298373,0.983168730004173,0.6619047619047619
8,50,6,7,0.6672544642857143,0.6736160714285714,0.49888392857142855,0.8510267857142857,0.7478348214285714,0.65296875,0.9982142857142857,0.9994897959183674,0.5566369047619047
8,50,7,1,0.6899952004886775,0.6747894759806274,0.8308608578035691,0.8458702386666085,0.8113573890658405,0.733212618351586,0.9964221824686941,1.0,0.5772808586762075
8,50,7,2,0.7498286027697793,0.7000777000777001,0.9327208738973445,0.9511403629050688,0.8659445130033365,0.7846565199506376,0.9964349376114082,0.9997029114676174,0.6751931075460488
8,50,7,3,0.848466337972861,0.7645403377110694,0.9118853353113138,0.8975958811466469,0.8810157511235219,0.8510188053579999,0.9928443649373881,0.9986086265156032,0.7937984496124031
8,50,7,4,0.8690524852844996,0.8394375408763898,0.9172457488554611,0.9229071288423807,0.8887549051667757,0.8651283518639634,1.0,0.9994604316546762,0.8081235011990408
8,50,7,5,0.7865992074179524,0.7409487899657574,0.927590319726059,0.9434419606786965,0.9070639836866607,0.8183986764649301,0.9990958408679927,0.9978628965970738,0.6666365280289331
8,50,7,6,0.7564349335748792,0.7164477657004831,0.8589409722222222,0.908816425120773,0.811556461352657,0.7818161231884058,1.0,0.9941770186335404,0.6130132850241546
8,50,7,7,0.6551116071428571,0.6805580357142857,0.7461607142857143,0.8039508928571428,0.7192857142857143,0.6721205357142858,0.9982142857142857,0.9318877551020408,0.5562202380952381
8,50,8,1,0.5768647281921618,0.5509481668773705,0.6406573957016435,0.8314285714285714,0.7004551201011378,0.5943362831858408,0.9905604719764012,1.0,0.5072861356932153
8,50,8,2,0.7047544642857143,0.6683035714285714,0.5919419642857143,0.9041964285714286,0.8213839285714286,0.7058928571428571,1.0,1.0,0.6063392857142857
8,50,8,3,0.7353153153153154,0.6605805805805806,0.5453453453453454,0.8883683683683684,0.8367967967967967,0.7578778778778779,0.9966966966966967,0.9951951951951952,0.6050750750750751
8,50,8,4,0.8045047873175326,0.6732459582483127,0.6411081462878669,0.8856145032177052,0.8927366190550934,0.8112541202323026,0.6227436823104693,0.9963898916967509,0.7270758122743682
8,50,8,5,0.8016778399199971,0.735897625837994,0.5746694322011926,0.8975517611763398,0.8730693729397385,0.8140116300603726,0.9986388384754991,0.9992740471869328,0.6766182698124622
8,50,8,6,0.7208781362007168,0.6885560675883257,0.49127410820959205,0.8584016043693463,0.7594299368492917,0.7341056494282301,1.0,0.9996017522899243,0.6093488649940263
8,50,8,7,0.6319777879838002,0.6669658886894075,0.4623397770447998,0.7713874159742808,0.6589077700304788,0.6354014446160912,0.9926191901057251,0.998653500897666,0.4748952722920407
8,50,9,1,0.6606574264843603,0.6353483798464132,0.8461790597490166,0.8489183367671849,0.7533245926203409,0.6622963101704439,0.9855871886120996,0.9988137603795967,0.5726868327402135
8,50,9,2,0.7380027795945062,0.6946124918247221,0.9135668737737083,0.9349247874427731,0.8339601046435579,0.7528409090909091,0.9958033573141487,0.9985284499672988,0.6166966426858513
8,50,9,3,0.7856256256256257,0.7463263263263263,0.9226426426426426,0.9304504504504505,0.846926926926927,0.7804404404404405,0.9986486486486487,1.0,0.6786186186186186
8,50,9,4,0.9110910910910911,0.8251451451451451,0.928988988988989,0.9162562562562563,0.9305105105105105,0.9344344344344344,0.9951951951951952,0.9992492492492493,0.8674174174174174
8,50,9,5,0.8139719202898551,0.7610582729468599,0.9358771135265701,0.9371225845410628,0.8806989734299517,0.8178970410628019,0.997433574879227,0.9992451690821256,0.7031702898550725
8,50,9,6,0.7589732142857143,0.6838839285714285,0.8903125,0.9094866071428571,0.8295535714285714,0.7875223214285715,0.9511904761904761,0.9996173469387755,0.6836011904761905
8,50,9,7,0.6573660714285714,0.6681026785714286,0.8169196428571428,0.8469196428571428,0.7511830357142857,0.6834821428571428,1.0,1.0,0.5431547619047619
8,100,0,1,0.7108721624850657,0.6959592080559822,0.8347414234511009,0.880162997098481,0.7708440006827103,0.709805427547363,0.9886499402628435,0.998805256869773,0.5977299880525687
8,100,0,2,0.7515787677078,0.6996074415429254,0.9163253114866018,0.945063150708312,0.867852875917392,0.7722520908004779,1.0,0.9960175228992433,0.6534050179211469
8,100,0,3,0.7859417950172346,0.7428989048387801,0.9290763122300275,0.9243422487892142,0.8952833893276321,0.7944500196343645,1.0,0.9895221058011756,0.7098986285032797
8,100,0,4,0.8498037207714627,0.7938428059395801,0.9113756613756614,0.8821257893838539,0.9202935654548557,0.8660394265232975,1.0,1.0,0.7897252090800478
8,100,0,5,0.8492683126226291,0.7981523871811642,0.8898585676913014,0.8752861347285807,0.8755927076520602,0.8495748855461086,1.0,0.9952038369304557,0.7808453237410072
8,100,0,6,0.7463352699011196,0.7210765264899388,0.8052210380516333,0.8597399099688353,0.7502404678542572,0.7343888269016198,0.9944243520192887,0.9955614006246918,0.6053345388788427
8,100,0,7,0.6788061102577232,0.6314430790237242,0.7899812254650964,0.8623271889400922,0.7226915855948114,0.679168800136542,0.9971838197644649,0.9989247311827957,0.5511648745519713
8,100,1,1,0.6748778756628115,0.6797837251054236,0.6640432549789153,0.7246461525614797,0.6641476347542901,0.6775499979124044,0.9751645721125075,0.9915362913567581,0.5409335727109515
8,100,1,2,0.6868066222904933,0.652436422597713,0.7202594299368493,0.8394777265745008,0.7061571940604199,0.6734297661717017,1.0,0.9983870967741936,0.5620669056152927
8,100,1,3,0.7720221920289855,0.7215428743961353,0.8689613526570048,0.896418327294686,0.8577521135265701,0.78515625,0.9985909822866345,1.0,0.6356582125603865
8,100,1,4,0.7496096096096097,0.699019019019019,0.8385585585585585,0.8777777777777778,0.8311711711711711,0.7701701701701702,1.0,0.9944144144144144,0.6262762762762762
8,100,1,5,0.7978533094812165,0.7250752650639207,0.9003665081373533,0.894868886077054,0.8964178192765827,0.8321479994764169,1.0,0.9988073941562313,0.7240906380441264
8,100,1,6,0.7419064748201439,0.6995994113799869,0.8414404839764552,0.9027550686723349,0.8207365925441465,0.744747383911053,0.9973021582733813,0.9989208633093525,0.6221822541966426
8,100,1,7,0.6642023906677548,0.5975229225673275,0.7914166386635303,0.8618645288272286,0.7745907541644664,0.6691949498343814,1.0,0.9975133214920071,0.5862640615748964
8,100,2,1,0.691277423071384,0.6678988046661226,0.7958571359992319,0.8903317171523211,0.7648216600259229,0.7079592914406414,1.0,0.977797513321492,0.6207223208999408
8,100,2,2,0.7444196428571429,0.6761830357142857,0.8429910714285714,0.85703125,0.8266517857142858,0.7626339285714285,0.9924107142857143,0.9821428571428571,0.6638095238095238
8,100,2,3,0.8405912070477224,0.7452507202204501,0.9048056448582522,0.9171015823973947,0.8858294016951276,0.8435764686234395,0.999640933572711,0.9961849192100538,0.772591262716936
8,100,2,4,0.7863329919781533,0.7132403140467657,0.880931046253627,0.8783708824031404,0.8601083802696706,0.8074330090459123,0.9671445639187575,0.9730187176423736,0.7122461170848268
8,100,2,5,0.8611454545454545,0.7979272727272727,0.8938909090909091,0.8909272727272727,0.8931272727272728,0.8774727272727273,1.0,0.9798484848484849,0.7766363636363637
8,100,2,6,0.7940664469054409,0.693988666246898,0.8618652542686767,0.8784214230156673,0.8507352124152746,0.805955776139857,1.0,0.9964307320024198,0.665426497277677
8,100,2,7,0.6858403034873624,0.6028154851684263,0.7871703459938754,0.8320307143836556,0.7613236436765849,0.7045111750994104,1.0,1.0,0.591592394533571
8,100,3,1,0.7308045593085883,0.6959208383783558,0.8127218070226713,0.8927810947350842,0.8027222245417728,0.7397394680806647,0.988031119090365,0.9899974352398051,0.6188809096349491
8,100,3,2,0.7198242034217548,0.69737874744938,0.8822005964526762,0.9261301208601476,0.8698791398524565,0.7708758436666143,1.0,0.9970841432935296,0.5716606498194946
8,100,3,3,0.851071071071071,0.753053053053053,0.9440240240240241,0.9338138138138138,0.9421821821821822,0.8821621621621621,1.0,1.0,0.7766066066066066
8,100,3,4,0.8431564903468843,0.8002275937843353,0.9160649819494585,0.9354693140794224,0.904646052425051,0.8442552189609167,1.0,1.0,0.7595066185318893
8,100,3,5,0.8493389763951307,0.7698852480474715,0.9038788777869889,0.9100091627034338,0.9011300667568393,0.8614904664252367,1.0,1.0,0.7940966010733452
8,100,3,6,0.8190147912212574,0.6883153715258082,0.8391291068545748,0.8587634713556438,0.8345041232165452,0.8175094899428422,0.9774597495527728,0.9964221824686941,0.7571258199165176
8,100,3,7,0.7625725791346694,0.730473871511519,0.8017653118561529,0.8428778797527627,0.8000093650496347,0.7805300618093276,1.0,0.9691577698695136,0.7023428232502965
8,100,4,1,0.6161481740041014,0.588136480649243,0.6633579126488939,0.7328853789432349,0.6373969195863693,0.5944631092106986,0.970304114490161,1.0,0.48035181872391175
8,100,4,2,0.7375892447079454,0.6818086927476932,0.8054152227464406,0.9007974614838629,0.7578389211306418,0.7360235480773245,1.0,0.9926191901057251,0.6260921603830042
8,100,4,3,0.7884075256819668,0.713977915432265,0.9138547958908853,0.9041398945788927,0.8985418029317841,0.8183409641799084,1.0,0.9898455974405341,0.6729053646775166
8,100,4,4,0.8235543072602055,0.7552421992228079,0.9552537416798123,0.9341695202185372,0.9505598091647108,0.8725712746720018,1.0,0.9963138127695089,0.7251657625075346
8,100,4,5,0.777556146572104,0.7527827029156816,0.9321808510638298,0.9300384160756501,0.9182919621749409,0.7798217100078803,1.0,1.0,0.7330673758865248
8,100,4,6,0.8309331345157746,0.7545126353790613,0.8798069376863915,0.9234029194788888,0.8481596295714958,0.8377609480458327,0.9978564981949458,0.9990974729241877,0.7415764139590855
8,100,4,7,0.6597991071428572,0.6341964285714285,0.7584151785714286,0.8586383928571428,0.713125,0.6555580357142857,0.9988095238095238,0.9994897959183674,0.5466369047619047
8,100,5,1,0.6855684585128301,0.6623665480427047,0.7506087282262596,0.8686785914965349,0.7542142723356434,0.6677514515826933,0.9914590747330961,0.9940688018979834,0.6037366548042704
8,100,5,2,0.7134238310708899,0.6596965126376891,0.8304310069015951,0.9129073540838246,0.8331276566570684,0.7323232323232324,1.0,1.0,0.6274509803921569
8,100,5,3,0.8585654043672498,0.7820550290175775,0.9048265208133273,0.899628407999666,0.9061208300279738,0.8635756335852365,0.9879456270838677,0.985936564931179,0.8029024536205864
8,100,5,4,0.8728878648233487,0.7765616999487968,0.9191414917221369,0.9170933606417477,0.920400238948626,0.857868236900495,1.0,0.9995519713261649,0.8221624850657109
8,100,5,5,0.8265361086529953,0.7703243430418222,0.846446846985495,0.8536993574698934,0.8490631372398137,0.8193220730252779,1.0,0.9863680623174295,0.7341470765521398
8,100,5,6,0.7797957069895354,0.7658844958748526,0.762991535411979,0.7994214079074252,0.7617593485481624,0.7640272866888104,0.9869459623557985,0.9749848208864602,0.6407710989678203
8,100,5,7,0.6491964285714286,0.6624107142857143,0.6815178571428572,0.8016071428571429,0.6839285714285714,0.6701116071428571,1.0,0.9979910714285715,0.532797619047619
8,100,6,1,0.6392155921463204,0.6562815035283952,0.7067351543372857,0.8409101819403774,0.6612980653833229,0.633742979213672,0.9986678507992895,0.9994079336885732,0.5552693901716992
8,100,6,2,0.6628816257726166,0.6162202659674096,0.7940625585315603,0.9040784791159393,0.7566257726165949,0.6977196104139352,1.0,1.0,0.5729833926453144
8,100,6,3,0.7810610610610611,0.6944344344344344,0.92006006006006,0.9344544544544544,0.8934134134134134,0.8321121121121121,0.9981981981981982,0.9991991991991992,0.6721921921921922
8,100,6,4,0.8623857041459647,0.7168176694083754,0.9535301240031732,0.8899628407999666,0.9491461734374348,0.8761429585403532,1.0,1.0,0.8027528426092161
8,100,6,5,0.8562545454545455,0.7987454545454545,0.9453818181818182,0.9280727272727273,0.9372545454545455,0.8650181818181818,1.0,0.9983471074380166,0.7610303030303031
8,100,6,6,0.7662844830903005,0.7571851794852065,0.8079142780193144,0.9297833865568851,0.7714401138855758,0.7641298911161556,0.9986437613019892,0.9988871887606064,0.6345087402049427
8,100,6,7,0.6915625,0.640625,0.7568080357142857,0.8383035714285715,0.73890625,0.6976116071428572,0.9964285714285714,0.9943877551020408,0.5904166666666667
8,100,7,1,0.650595575723199,0.6619398752127056,0.8172258824556046,0.8795758977267769,0.7809677560102971,0.6808543130154021,0.9979874776386404,1.0,0.5230172927847346
8,100,7,2,0.7251474016179899,0.6884226884226884,0.8428401663695781,0.9230540701128936,0.8052241875771288,0.7297865533159651,0.9946524064171123,1.0,0.6432263814616755
8,100,7,3,0.9004319560190235,0.7684453946507265,0.9362319472926393,0.9360792355687421,0.9351411492648021,0.9231860028797068,1.0,1.0,0.8639236732259988
8,100,7,4,0.8299542184434271,0.7332202419882276,0.9326970241988227,0.9327787769784173,0.9093361674296926,0.8395806082406801,1.0,0.9989208633093525,0.7509592326139088
8,100,7,5,0.8247855026740025,0.7367742680158517,0.958966565349544,0.9648339809934208,0.9377092070332038,0.8406756184833212,0.9996986136226642,1.0,0.7255575647980711
8,100,7,6,0.7343938707729468,0.6979732789855072,0.8850769927536232,0.9377453200483091,0.8413722826086957,0.7528872282608695,1.0,0.9909420289855072,0.5792572463768116
8,100,7,7,0.7563392857142858,0.7175223214285714,0.7935714285714286,0.85375,0.7464508928571428,0.7296428571428571,1.0,0.9994897959183674,0.6752380952380952
8,100,8,1,0.6130720606826802,0.5215170670037926,0.6556763590391909,0.7911757269279394,0.6404551201011378,0.6041213653603034,1.0,1.0,0.5485840707964602
8,100,8,2,0.6832589285714286,0.6143303571428571,0.7802901785714286,0.9136383928571429,0.7542857142857143,0.6955133928571429,1.0,0.9987244897959183,0.5779761904761904
8,100,8,3,0.6895295295295295,0.6531131131131132,0.8387987987987988,0.9084484484484484,0.8064064064064064,0.7026226226226227,0.996996996996997,0.982982982982983,0.54
8,100,8,4,0.8294223826714802,0.7129179092764087,0.9522053052895935,0.9361756396170146,0.9429838329932506,0.8541830167948516,0.9792418772563177,0.9978081485301702,0.7408543922984356
8,100,8,5,0.7648431423386052,0.6885625393533094,0.941868217341383,0.9432386384680914,0.9141079299233305,0.775176858402163,0.9836660617059891,0.9996370235934664,0.6182698124621899
8,100,8,6,0.7581711896228025,0.6597542242703534,0.8647380098993003,0.9310889230244069,0.8410991636798089,0.7759216589861752,1.0,0.9989048187972919,0.6617682198327359
8,100,8,7,0.6699302743100497,0.6278025969688114,0.7882760636299111,0.9099828817168385,0.7563149764101708,0.6855037367959584,1.0,1.0,0.5269000598444046
8,100,9,1,0.6353717924705001,0.630572204532684,0.7831288630829744,0.8825154523318973,0.7452238246862708,0.6419273272148343,1.0,0.9994068801897983,0.5381969157769869
8,100,9,2,0.7860938521909745,0.7008665794637018,0.8262957815565729,0.9051667756703728,0.8140124264224984,0.790876389797253,0.9952038369304557,0.9995912361020275,0.686900479616307
8,100,9,3,0.7232632632632633,0.6298298298298298,0.8981981981981982,0.9493493493493493,0.8762362362362363,0.7542342342342342,0.9990990990990991,1.0,0.585015015015015
8,100,9,4,0.8604804804804804,0.7529729729729729,0.9476676676676676,0.9457657657657658,0.9408408408408409,0.8862262262262263,1.0,0.9992492492492493,0.791021021021021
8,100,9,5,0.8785288345410628,0.7622848731884058,0.9244980374396136,0.9533891908212561,0.9146663647342995,0.885360054347826,1.0,0.9990942028985508,0.8060084541062802
8,100,9,6,0.7770535714285715,0.6772767857142857,0.8514508928571428,0.9329017857142857,0.8394196428571429,0.80078125,1.0,1.0,0.7027380952380953
8,100,9,7,0.7410714285714286,0.7237053571428571,0.7813392857142857,0.8777455357142857,0.7626785714285714,0.7192857142857143,1.0,0.9928571428571429,0.6557142857142857
