seed,sizes,network,degree_gap,method,auroc,auroc_z,true_calls,false_calls
0,190 vs 190,unsigned |cor|^6,-0.03819503685780699,as is,0.9120679012345679,0.9585493827160494,0,0
0,190 vs 190,unsigned |cor|^6,-0.03819503685780699,cosine only,0.8775617283950617,0.9396296296296296,0,0
0,190 vs 190,unsigned |cor|^6,-0.03819503685780699,debiased,0.9026234567901235,0.9551234567901234,0,0
0,190 vs 190,unsigned |cor|^6,-0.03819503685780699,layer-scaled,0.7961728395061728,0.9579320987654321,0,0
0,190 vs 190,unsigned |cor|^6,-0.03819503685780699,permutation,0.9395833333333333,0.8579320987654321,58,218
1,190 vs 190,unsigned |cor|^6,-0.05394952915320784,as is,0.9255864197530864,0.989320987654321,22,0
1,190 vs 190,unsigned |cor|^6,-0.05394952915320784,cosine only,0.9201543209876544,0.9625925925925926,29,0
1,190 vs 190,unsigned |cor|^6,-0.05394952915320784,debiased,0.9169753086419753,0.9845061728395061,29,0
1,190 vs 190,unsigned |cor|^6,-0.05394952915320784,layer-scaled,0.716358024691358,0.9901234567901235,25,0
1,190 vs 190,unsigned |cor|^6,-0.05394952915320784,permutation,0.9177932098765432,0.8543827160493828,59,281
2,190 vs 190,unsigned |cor|^6,0.07913524279174715,as is,0.9205246913580247,0.9723456790123457,19,0
2,190 vs 190,unsigned |cor|^6,0.07913524279174715,cosine only,0.8876543209876543,0.955679012345679,1,0
2,190 vs 190,unsigned |cor|^6,0.07913524279174715,debiased,0.9057407407407407,0.9755864197530865,14,0
2,190 vs 190,unsigned |cor|^6,0.07913524279174715,layer-scaled,0.7937654320987654,0.9727469135802469,28,0
2,190 vs 190,unsigned |cor|^6,0.07913524279174715,permutation,0.9476697530864198,0.8749691358024692,58,272
3,190 vs 190,unsigned |cor|^6,-0.22379259791754863,as is,0.9153086419753086,0.9944753086419753,1,0
3,190 vs 190,unsigned |cor|^6,-0.22379259791754863,cosine only,0.9078395061728395,0.9742283950617284,0,0
3,190 vs 190,unsigned |cor|^6,-0.22379259791754863,debiased,0.9095679012345679,0.9948148148148148,1,0
3,190 vs 190,unsigned |cor|^6,-0.22379259791754863,layer-scaled,0.7731172839506173,0.9924382716049382,1,0
4,190 vs 190,unsigned |cor|^6,0.1440934506147243,as is,0.9236728395061728,0.9859259259259259,0,0
4,190 vs 190,unsigned |cor|^6,0.1440934506147243,cosine only,0.9070370370370371,0.9653086419753086,0,0
4,190 vs 190,unsigned |cor|^6,0.1440934506147243,debiased,0.9111419753086419,0.985679012345679,0,0
4,190 vs 190,unsigned |cor|^6,0.1440934506147243,layer-scaled,0.7904629629629629,0.9832098765432099,0,0
5,190 vs 190,unsigned |cor|^6,-0.07993237797321642,as is,0.8580864197530864,0.9582716049382716,5,0
5,190 vs 190,unsigned |cor|^6,-0.07993237797321642,cosine only,0.8600308641975308,0.9097839506172839,5,0
5,190 vs 190,unsigned |cor|^6,-0.07993237797321642,debiased,0.845925925925926,0.9549074074074074,6,0
5,190 vs 190,unsigned |cor|^6,-0.07993237797321642,layer-scaled,0.6991358024691358,0.9592592592592593,5,0
6,190 vs 190,unsigned |cor|^6,0.0849078419901179,as is,0.905216049382716,0.986574074074074,11,0
6,190 vs 190,unsigned |cor|^6,0.0849078419901179,cosine only,0.8829012345679013,0.9498456790123457,0,0
6,190 vs 190,unsigned |cor|^6,0.0849078419901179,debiased,0.8965740740740741,0.9878086419753086,13,0
6,190 vs 190,unsigned |cor|^6,0.0849078419901179,layer-scaled,0.7542592592592593,0.9868518518518519,11,0
7,190 vs 190,unsigned |cor|^6,-0.07317220487617099,as is,0.9295061728395062,0.9863271604938272,45,0
7,190 vs 190,unsigned |cor|^6,-0.07317220487617099,cosine only,0.8969135802469136,0.9584259259259259,9,0
7,190 vs 190,unsigned |cor|^6,-0.07317220487617099,debiased,0.9189506172839507,0.9851234567901235,44,0
7,190 vs 190,unsigned |cor|^6,-0.07317220487617099,layer-scaled,0.7715432098765432,0.9864506172839507,41,0
8,190 vs 190,unsigned |cor|^6,-0.16434644956336905,as is,0.8814814814814815,0.960679012345679,0,0
8,190 vs 190,unsigned |cor|^6,-0.16434644956336905,cosine only,0.8535493827160494,0.9128703703703703,0,0
8,190 vs 190,unsigned |cor|^6,-0.16434644956336905,debiased,0.8714197530864197,0.9591358024691358,0,0
8,190 vs 190,unsigned |cor|^6,-0.16434644956336905,layer-scaled,0.7789814814814815,0.9657407407407408,0,0
9,190 vs 190,unsigned |cor|^6,0.007171896174078391,as is,0.9144444444444444,0.9769135802469135,0,0
9,190 vs 190,unsigned |cor|^6,0.007171896174078391,cosine only,0.8946913580246914,0.9543827160493827,0,0
9,190 vs 190,unsigned |cor|^6,0.007171896174078391,debiased,0.9047222222222222,0.9757716049382716,0,0
9,190 vs 190,unsigned |cor|^6,0.007171896174078391,layer-scaled,0.7705864197530864,0.9770061728395062,0,0
0,30 vs 30,unsigned |cor|^6,0.08946216395921028,as is,0.8265432098765432,0.8562345679012345,0,0
0,30 vs 30,unsigned |cor|^6,0.08946216395921028,cosine only,0.7972222222222223,0.8287654320987654,0,0
0,30 vs 30,unsigned |cor|^6,0.08946216395921028,debiased,0.820462962962963,0.8522530864197531,0,0
0,30 vs 30,unsigned |cor|^6,0.08946216395921028,layer-scaled,0.7184259259259259,0.8564506172839507,0,0
0,30 vs 30,unsigned |cor|^6,0.08946216395921028,permutation,0.8496604938271605,0.8138888888888889,22,18
1,30 vs 30,unsigned |cor|^6,-0.23841513211398188,as is,0.8062345679012346,0.8325,0,0
1,30 vs 30,unsigned |cor|^6,-0.23841513211398188,cosine only,0.8384876543209877,0.8148456790123457,0,0
1,30 vs 30,unsigned |cor|^6,-0.23841513211398188,debiased,0.806604938271605,0.8266358024691358,0,0
1,30 vs 30,unsigned |cor|^6,-0.23841513211398188,layer-scaled,0.5935802469135802,0.8274074074074074,0,0
1,30 vs 30,unsigned |cor|^6,-0.23841513211398188,permutation,0.7753858024691358,0.7912345679012346,0,0
2,30 vs 30,unsigned |cor|^6,0.8230821916838704,as is,0.8160493827160494,0.8596296296296296,0,0
2,30 vs 30,unsigned |cor|^6,0.8230821916838704,cosine only,0.7995061728395062,0.8285493827160494,0,0
2,30 vs 30,unsigned |cor|^6,0.8230821916838704,debiased,0.8057098765432099,0.8535493827160494,0,0
2,30 vs 30,unsigned |cor|^6,0.8230821916838704,layer-scaled,0.7025308641975309,0.8587037037037037,0,0
2,30 vs 30,unsigned |cor|^6,0.8230821916838704,permutation,0.8130246913580247,0.788641975308642,10,8
3,30 vs 30,unsigned |cor|^6,-0.2623655371596497,as is,0.8474382716049382,0.8944444444444445,0,0
3,30 vs 30,unsigned |cor|^6,-0.2623655371596497,cosine only,0.8511728395061728,0.8825617283950618,0,0
3,30 vs 30,unsigned |cor|^6,-0.2623655371596497,debiased,0.8353395061728395,0.894074074074074,0,0
3,30 vs 30,unsigned |cor|^6,-0.2623655371596497,layer-scaled,0.6880864197530864,0.8927160493827161,0,0
4,30 vs 30,unsigned |cor|^6,-0.10709881716549839,as is,0.7356172839506173,0.7487654320987654,0,0
4,30 vs 30,unsigned |cor|^6,-0.10709881716549839,cosine only,0.7508641975308642,0.7344444444444445,0,0
4,30 vs 30,unsigned |cor|^6,-0.10709881716549839,debiased,0.7280555555555556,0.7473765432098766,0,0
4,30 vs 30,unsigned |cor|^6,-0.10709881716549839,layer-scaled,0.629537037037037,0.7457716049382717,0,0
5,30 vs 30,unsigned |cor|^6,0.08051489152296668,as is,0.8091049382716049,0.8195679012345679,0,0
5,30 vs 30,unsigned |cor|^6,0.08051489152296668,cosine only,0.8349382716049383,0.802746913580247,0,0
5,30 vs 30,unsigned |cor|^6,0.08051489152296668,debiased,0.8129320987654322,0.8112345679012346,0,0
5,30 vs 30,unsigned |cor|^6,0.08051489152296668,layer-scaled,0.586358024691358,0.8200617283950618,0,0
6,30 vs 30,unsigned |cor|^6,0.7042595291440176,as is,0.8254320987654321,0.8442283950617284,0,0
6,30 vs 30,unsigned |cor|^6,0.7042595291440176,cosine only,0.8341666666666666,0.8307098765432098,0,0
6,30 vs 30,unsigned |cor|^6,0.7042595291440176,debiased,0.8223148148148148,0.8385493827160494,0,0
6,30 vs 30,unsigned |cor|^6,0.7042595291440176,layer-scaled,0.6492901234567902,0.8369444444444445,0,0
7,30 vs 30,unsigned |cor|^6,0.29499417092036917,as is,0.8302469135802469,0.8653086419753087,0,0
7,30 vs 30,unsigned |cor|^6,0.29499417092036917,cosine only,0.845895061728395,0.8432716049382716,0,0
7,30 vs 30,unsigned |cor|^6,0.29499417092036917,debiased,0.8275308641975309,0.8633333333333333,0,0
7,30 vs 30,unsigned |cor|^6,0.29499417092036917,layer-scaled,0.6468827160493827,0.8625925925925926,0,0
8,30 vs 30,unsigned |cor|^6,-0.6147768604236886,as is,0.8219444444444445,0.8562654320987654,0,0
8,30 vs 30,unsigned |cor|^6,-0.6147768604236886,cosine only,0.8334259259259259,0.8525617283950617,0,0
8,30 vs 30,unsigned |cor|^6,-0.6147768604236886,debiased,0.8193827160493827,0.8561111111111112,0,0
8,30 vs 30,unsigned |cor|^6,-0.6147768604236886,layer-scaled,0.6725,0.859537037037037,0,0
9,30 vs 30,unsigned |cor|^6,-0.6698889669071768,as is,0.7465123456790124,0.7715740740740741,0,0
9,30 vs 30,unsigned |cor|^6,-0.6698889669071768,cosine only,0.7543827160493827,0.7505555555555555,0,0
9,30 vs 30,unsigned |cor|^6,-0.6698889669071768,debiased,0.745,0.7749691358024692,0,0
9,30 vs 30,unsigned |cor|^6,-0.6698889669071768,layer-scaled,0.6088271604938271,0.7712962962962963,0,0
0,150 vs 30,unsigned |cor|^6,0.2636482380531883,as is,0.8767592592592592,0.9070987654320988,0,0
0,150 vs 30,unsigned |cor|^6,0.2636482380531883,cosine only,0.8575,0.8937654320987655,0,0
0,150 vs 30,unsigned |cor|^6,0.2636482380531883,subsampled,0.8944753086419753,0.8995987654320987,0,0
0,150 vs 30,unsigned |cor|^6,0.2636482380531883,debiased,0.8655864197530864,0.9050617283950617,0,0
0,150 vs 30,unsigned |cor|^6,0.2636482380531883,layer-scaled,0.7408333333333333,0.9074691358024691,0,0
0,150 vs 30,unsigned |cor|^6,0.2636482380531883,permutation,0.8937808641975309,0.8772839506172839,31,13
1,150 vs 30,unsigned |cor|^6,0.7396941690155859,as is,0.8334876543209877,0.8672222222222222,0,0
1,150 vs 30,unsigned |cor|^6,0.7396941690155859,cosine only,0.8388580246913581,0.8641975308641975,0,0
1,150 vs 30,unsigned |cor|^6,0.7396941690155859,subsampled,0.8580864197530864,0.8543518518518518,9,6
1,150 vs 30,unsigned |cor|^6,0.7396941690155859,debiased,0.830925925925926,0.8675617283950617,0,0
1,150 vs 30,unsigned |cor|^6,0.7396941690155859,layer-scaled,0.6507407407407407,0.8732407407407408,2,0
1,150 vs 30,unsigned |cor|^6,0.7396941690155859,permutation,0.8245216049382716,0.8292592592592593,28,8
2,150 vs 30,unsigned |cor|^6,0.6408641590214535,as is,0.8925,0.9159259259259259,0,0
2,150 vs 30,unsigned |cor|^6,0.6408641590214535,cosine only,0.8742592592592593,0.9052777777777777,0,0
2,150 vs 30,unsigned |cor|^6,0.6408641590214535,subsampled,0.8985802469135803,0.9020370370370371,23,1
2,150 vs 30,unsigned |cor|^6,0.6408641590214535,debiased,0.8795987654320988,0.9145679012345679,0,0
2,150 vs 30,unsigned |cor|^6,0.6408641590214535,layer-scaled,0.722253086419753,0.9150308641975309,0,0
2,150 vs 30,unsigned |cor|^6,0.6408641590214535,permutation,0.8829012345679013,0.8667592592592592,19,2
3,150 vs 30,unsigned |cor|^6,0.8939773892351343,as is,0.8848456790123457,0.9093827160493827,0,0
3,150 vs 30,unsigned |cor|^6,0.8939773892351343,cosine only,0.8725308641975309,0.8929938271604938,0,0
3,150 vs 30,unsigned |cor|^6,0.8939773892351343,subsampled,0.8856481481481482,0.9050925925925926,21,0
3,150 vs 30,unsigned |cor|^6,0.8939773892351343,debiased,0.8764197530864197,0.9074382716049383,0,0
3,150 vs 30,unsigned |cor|^6,0.8939773892351343,layer-scaled,0.7003395061728395,0.9204012345679012,0,0
4,150 vs 30,unsigned |cor|^6,0.6231603040801518,as is,0.8482716049382716,0.8415432098765432,0,0
4,150 vs 30,unsigned |cor|^6,0.6231603040801518,cosine only,0.8475308641975309,0.8454320987654321,0,0
4,150 vs 30,unsigned |cor|^6,0.6231603040801518,subsampled,0.8656172839506173,0.855679012345679,0,0
4,150 vs 30,unsigned |cor|^6,0.6231603040801518,debiased,0.8350925925925926,0.8395370370370371,0,0
4,150 vs 30,unsigned |cor|^6,0.6231603040801518,layer-scaled,0.6682407407407407,0.8846913580246913,0,0
5,150 vs 30,unsigned |cor|^6,0.654707119870344,as is,0.7911111111111111,0.8316358024691358,0,0
5,150 vs 30,unsigned |cor|^6,0.654707119870344,cosine only,0.8036111111111112,0.8123148148148148,0,0
5,150 vs 30,unsigned |cor|^6,0.654707119870344,subsampled,0.8096296296296296,0.8483950617283951,10,1
5,150 vs 30,unsigned |cor|^6,0.654707119870344,debiased,0.789074074074074,0.832962962962963,0,0
5,150 vs 30,unsigned |cor|^6,0.654707119870344,layer-scaled,0.5985185185185186,0.8282407407407407,0,0
6,150 vs 30,unsigned |cor|^6,1.0018148375073719,as is,0.8787654320987655,0.9033333333333333,0,0
6,150 vs 30,unsigned |cor|^6,1.0018148375073719,cosine only,0.871820987654321,0.9028086419753086,0,0
6,150 vs 30,unsigned |cor|^6,1.0018148375073719,subsampled,0.9082716049382716,0.9378086419753087,11,1
6,150 vs 30,unsigned |cor|^6,1.0018148375073719,debiased,0.871358024691358,0.9010185185185186,0,0
6,150 vs 30,unsigned |cor|^6,1.0018148375073719,layer-scaled,0.7055555555555556,0.9154629629629629,2,0
7,150 vs 30,unsigned |cor|^6,0.27084390713166095,as is,0.827962962962963,0.8498456790123456,0,0
7,150 vs 30,unsigned |cor|^6,0.27084390713166095,cosine only,0.8349074074074074,0.8474691358024692,0,0
7,150 vs 30,unsigned |cor|^6,0.27084390713166095,subsampled,0.8306481481481481,0.8377777777777777,7,2
7,150 vs 30,unsigned |cor|^6,0.27084390713166095,debiased,0.8212654320987655,0.8498148148148148,0,0
7,150 vs 30,unsigned |cor|^6,0.27084390713166095,layer-scaled,0.6529938271604938,0.8549382716049383,0,0
8,150 vs 30,unsigned |cor|^6,1.0003949247408013,as is,0.8601851851851852,0.8839506172839506,0,0
8,150 vs 30,unsigned |cor|^6,1.0003949247408013,cosine only,0.8655555555555555,0.8726234567901234,0,0
8,150 vs 30,unsigned |cor|^6,1.0003949247408013,subsampled,0.8618518518518519,0.864537037037037,0,0
8,150 vs 30,unsigned |cor|^6,1.0003949247408013,debiased,0.8666049382716049,0.885,0,0
8,150 vs 30,unsigned |cor|^6,1.0003949247408013,layer-scaled,0.7152777777777778,0.8925617283950618,0,0
9,150 vs 30,unsigned |cor|^6,0.7507931571569871,as is,0.8594753086419753,0.9101851851851852,0,0
9,150 vs 30,unsigned |cor|^6,0.7507931571569871,cosine only,0.8432407407407407,0.8719753086419753,0,0
9,150 vs 30,unsigned |cor|^6,0.7507931571569871,subsampled,0.8685185185185185,0.9192592592592592,8,0
9,150 vs 30,unsigned |cor|^6,0.7507931571569871,debiased,0.8526543209876544,0.9098148148148149,0,0
9,150 vs 30,unsigned |cor|^6,0.7507931571569871,layer-scaled,0.7083333333333334,0.9179938271604938,0,0
0,840 vs 260,unsigned |cor|^6,0.1359952171445101,as is,0.9315432098765432,0.9969444444444444,0,0
0,840 vs 260,unsigned |cor|^6,0.1359952171445101,cosine only,0.9046913580246914,0.972037037037037,0,0
0,840 vs 260,unsigned |cor|^6,0.1359952171445101,subsampled,0.9439814814814815,0.9972839506172839,33,0
0,840 vs 260,unsigned |cor|^6,0.1359952171445101,debiased,0.9135493827160494,0.9959876543209877,0,0
0,840 vs 260,unsigned |cor|^6,0.1359952171445101,layer-scaled,0.8161728395061728,0.9975617283950617,0,0
0,840 vs 260,unsigned |cor|^6,0.1359952171445101,permutation,0.9608333333333333,0.9258641975308642,60,333
1,840 vs 260,unsigned |cor|^6,0.10206282798635703,as is,0.8717283950617284,0.9765432098765432,51,1
1,840 vs 260,unsigned |cor|^6,0.10206282798635703,cosine only,0.8596913580246913,0.9149074074074074,32,0
1,840 vs 260,unsigned |cor|^6,0.10206282798635703,subsampled,0.9147222222222222,0.9953395061728395,54,1
1,840 vs 260,unsigned |cor|^6,0.10206282798635703,debiased,0.8627469135802469,0.973179012345679,51,1
1,840 vs 260,unsigned |cor|^6,0.10206282798635703,layer-scaled,0.7155555555555555,0.9756481481481482,50,1
1,840 vs 260,unsigned |cor|^6,0.10206282798635703,permutation,0.8987345679012345,0.8313271604938272,59,372
2,840 vs 260,unsigned |cor|^6,0.15923889563267787,as is,0.9251851851851852,0.984537037037037,41,0
2,840 vs 260,unsigned |cor|^6,0.15923889563267787,cosine only,0.8919753086419753,0.9587654320987654,0,0
2,840 vs 260,unsigned |cor|^6,0.15923889563267787,subsampled,0.9503395061728395,0.999320987654321,56,0
2,840 vs 260,unsigned |cor|^6,0.15923889563267787,debiased,0.9063888888888889,0.9787037037037037,37,0
2,840 vs 260,unsigned |cor|^6,0.15923889563267787,layer-scaled,0.7880246913580247,0.9835802469135803,48,1
2,840 vs 260,unsigned |cor|^6,0.15923889563267787,permutation,0.9565586419753086,0.911820987654321,60,358
3,840 vs 260,unsigned |cor|^6,0.05332673901125873,as is,0.9189814814814815,0.9715432098765432,7,0
3,840 vs 260,unsigned |cor|^6,0.05332673901125873,cosine only,0.8937037037037037,0.9568518518518518,1,0
3,840 vs 260,unsigned |cor|^6,0.05332673901125873,subsampled,0.9358024691358025,0.9825617283950617,46,3
3,840 vs 260,unsigned |cor|^6,0.05332673901125873,debiased,0.905216049382716,0.9676543209876544,10,0
3,840 vs 260,unsigned |cor|^6,0.05332673901125873,layer-scaled,0.7908024691358024,0.9724691358024692,10,0
4,840 vs 260,unsigned |cor|^6,0.11247206969837147,as is,0.9222530864197531,0.9990740740740741,5,0
4,840 vs 260,unsigned |cor|^6,0.11247206969837147,cosine only,0.8951234567901235,0.9680555555555556,0,0
4,840 vs 260,unsigned |cor|^6,0.11247206969837147,subsampled,0.9546296296296296,1.0,0,0
4,840 vs 260,unsigned |cor|^6,0.11247206969837147,debiased,0.9115740740740741,0.9987962962962963,10,0
4,840 vs 260,unsigned |cor|^6,0.11247206969837147,layer-scaled,0.818179012345679,0.9987345679012346,3,0
5,840 vs 260,unsigned |cor|^6,-0.10588206707145578,as is,0.9219135802469136,0.9933333333333333,3,0
5,840 vs 260,unsigned |cor|^6,-0.10588206707145578,cosine only,0.9117592592592593,0.976574074074074,0,0
5,840 vs 260,unsigned |cor|^6,-0.10588206707145578,subsampled,0.9505555555555556,0.998179012345679,5,0
5,840 vs 260,unsigned |cor|^6,-0.10588206707145578,debiased,0.9062345679012346,0.9931481481481481,3,0
5,840 vs 260,unsigned |cor|^6,-0.10588206707145578,layer-scaled,0.7410493827160494,0.9934567901234568,3,0
6,840 vs 260,unsigned |cor|^6,0.21029502123591678,as is,0.919074074074074,0.9763271604938272,11,0
6,840 vs 260,unsigned |cor|^6,0.21029502123591678,cosine only,0.9017283950617284,0.951820987654321,0,0
6,840 vs 260,unsigned |cor|^6,0.21029502123591678,subsampled,0.9452469135802469,0.9866666666666667,46,0
6,840 vs 260,unsigned |cor|^6,0.21029502123591678,debiased,0.9097839506172839,0.9748148148148148,15,0
6,840 vs 260,unsigned |cor|^6,0.21029502123591678,layer-scaled,0.7902160493827161,0.9762962962962963,19,0
7,840 vs 260,unsigned |cor|^6,0.05533859010966355,as is,0.9400925925925926,0.994783950617284,43,0
7,840 vs 260,unsigned |cor|^6,0.05533859010966355,cosine only,0.9244444444444444,0.9776543209876544,14,0
7,840 vs 260,unsigned |cor|^6,0.05533859010966355,subsampled,0.9732716049382716,0.9991975308641975,52,0
7,840 vs 260,unsigned |cor|^6,0.05533859010966355,debiased,0.9323148148148148,0.9951543209876543,35,0
7,840 vs 260,unsigned |cor|^6,0.05533859010966355,layer-scaled,0.7955864197530864,0.9948148148148148,34,0
8,840 vs 260,unsigned |cor|^6,-0.021458788696951205,as is,0.9263888888888889,0.9916666666666667,0,0
8,840 vs 260,unsigned |cor|^6,-0.021458788696951205,cosine only,0.9256172839506173,0.9725925925925926,0,0
8,840 vs 260,unsigned |cor|^6,-0.021458788696951205,subsampled,0.936820987654321,0.9927777777777778,9,0
8,840 vs 260,unsigned |cor|^6,-0.021458788696951205,debiased,0.9133024691358025,0.9898765432098765,4,0
8,840 vs 260,unsigned |cor|^6,-0.021458788696951205,layer-scaled,0.7791666666666667,0.9917901234567901,0,0
9,840 vs 260,unsigned |cor|^6,-0.1069960255643389,as is,0.9185802469135802,0.9889814814814815,0,0
9,840 vs 260,unsigned |cor|^6,-0.1069960255643389,cosine only,0.8995987654320987,0.9562962962962963,0,0
9,840 vs 260,unsigned |cor|^6,-0.1069960255643389,subsampled,0.945925925925926,0.994537037037037,14,0
9,840 vs 260,unsigned |cor|^6,-0.1069960255643389,debiased,0.9008950617283951,0.985462962962963,0,0
9,840 vs 260,unsigned |cor|^6,-0.1069960255643389,layer-scaled,0.7910802469135803,0.9869753086419754,0,0
0,840 vs 190,unsigned |cor|^6,0.0893229874768269,as is,0.9100308641975309,0.9838580246913581,0,0
0,840 vs 190,unsigned |cor|^6,0.0893229874768269,cosine only,0.8887654320987655,0.9575,0,0
0,840 vs 190,unsigned |cor|^6,0.0893229874768269,subsampled,0.9361111111111111,0.9910493827160494,10,0
0,840 vs 190,unsigned |cor|^6,0.0893229874768269,debiased,0.8876234567901234,0.980216049382716,0,0
0,840 vs 190,unsigned |cor|^6,0.0893229874768269,layer-scaled,0.7888888888888889,0.9837962962962963,0,0
0,840 vs 190,unsigned |cor|^6,0.0893229874768269,permutation,0.9464506172839506,0.875462962962963,58,308
1,840 vs 190,unsigned |cor|^6,0.1590840418398477,as is,0.9111728395061729,0.9845679012345679,53,0
1,840 vs 190,unsigned |cor|^6,0.1590840418398477,cosine only,0.9004012345679012,0.9466975308641975,37,0
1,840 vs 190,unsigned |cor|^6,0.1590840418398477,subsampled,0.9604012345679013,0.9974691358024691,57,5
1,840 vs 190,unsigned |cor|^6,0.1590840418398477,debiased,0.903395061728395,0.9817901234567902,53,0
1,840 vs 190,unsigned |cor|^6,0.1590840418398477,layer-scaled,0.7366666666666667,0.984537037037037,53,0
1,840 vs 190,unsigned |cor|^6,0.1590840418398477,permutation,0.9208487654320988,0.8300617283950618,57,354
2,840 vs 190,unsigned |cor|^6,0.1413188794418191,as is,0.9250617283950617,0.9979629629629629,22,0
2,840 vs 190,unsigned |cor|^6,0.1413188794418191,cosine only,0.8958024691358024,0.9670987654320987,1,0
2,840 vs 190,unsigned |cor|^6,0.1413188794418191,subsampled,0.9405246913580247,0.9962345679012345,47,1
2,840 vs 190,unsigned |cor|^6,0.1413188794418191,debiased,0.9203703703703704,0.9970061728395062,22,0
2,840 vs 190,unsigned |cor|^6,0.1413188794418191,layer-scaled,0.7824382716049383,0.9977777777777778,22,0
2,840 vs 190,unsigned |cor|^6,0.1413188794418191,permutation,0.9545987654320988,0.894753086419753,60,316
3,840 vs 190,unsigned |cor|^6,0.12456641724034706,as is,0.9427469135802469,0.9872222222222222,4,0
3,840 vs 190,unsigned |cor|^6,0.12456641724034706,cosine only,0.9154320987654321,0.9795987654320988,0,0
3,840 vs 190,unsigned |cor|^6,0.12456641724034706,subsampled,0.9599691358024691,0.990462962962963,31,0
3,840 vs 190,unsigned |cor|^6,0.12456641724034706,debiased,0.9266666666666666,0.9855864197530865,4,0
3,840 vs 190,unsigned |cor|^6,0.12456641724034706,layer-scaled,0.7975308641975308,0.9887962962962963,7,0
4,840 vs 190,unsigned |cor|^6,0.17304760961136986,as is,0.8761111111111111,0.9842283950617284,0,0
4,840 vs 190,unsigned |cor|^6,0.17304760961136986,cosine only,0.8468518518518519,0.9304629629629629,0,0
4,840 vs 190,unsigned |cor|^6,0.17304760961136986,subsampled,0.9217283950617284,0.989783950617284,0,0
4,840 vs 190,unsigned |cor|^6,0.17304760961136986,debiased,0.8591975308641975,0.9837962962962963,0,0
4,840 vs 190,unsigned |cor|^6,0.17304760961136986,layer-scaled,0.7968518518518518,0.9864197530864197,0,0
5,840 vs 190,unsigned |cor|^6,-0.1394004265744437,as is,0.9360185185185185,0.9967592592592592,3,0
5,840 vs 190,unsigned |cor|^6,-0.1394004265744437,cosine only,0.9313888888888889,0.9844753086419753,0,0
5,840 vs 190,unsigned |cor|^6,-0.1394004265744437,subsampled,0.955679012345679,0.9944753086419753,4,0
5,840 vs 190,unsigned |cor|^6,-0.1394004265744437,debiased,0.9199382716049382,0.9960185185185185,0,0
5,840 vs 190,unsigned |cor|^6,-0.1394004265744437,layer-scaled,0.7423765432098766,0.9971604938271605,3,0
6,840 vs 190,unsigned |cor|^6,0.2806112201936436,as is,0.8832716049382716,0.9655246913580247,3,0
6,840 vs 190,unsigned |cor|^6,0.2806112201936436,cosine only,0.8717901234567901,0.926820987654321,0,0
6,840 vs 190,unsigned |cor|^6,0.2806112201936436,subsampled,0.9059567901234568,0.981574074074074,36,0
6,840 vs 190,unsigned |cor|^6,0.2806112201936436,debiased,0.8693518518518518,0.9645370370370371,3,0
6,840 vs 190,unsigned |cor|^6,0.2806112201936436,layer-scaled,0.7628395061728395,0.966574074074074,15,0
7,840 vs 190,unsigned |cor|^6,0.027297096943726576,as is,0.9273456790123457,0.9840432098765433,15,0
7,840 vs 190,unsigned |cor|^6,0.027297096943726576,cosine only,0.9066666666666666,0.9619444444444445,1,0
7,840 vs 190,unsigned |cor|^6,0.027297096943726576,subsampled,0.9595061728395061,0.9915432098765432,40,1
7,840 vs 190,unsigned |cor|^6,0.027297096943726576,debiased,0.9188271604938272,0.9823765432098766,11,0
7,840 vs 190,unsigned |cor|^6,0.027297096943726576,layer-scaled,0.7829938271604938,0.9840432098765433,16,0
8,840 vs 190,unsigned |cor|^6,0.09541676785211749,as is,0.9315740740740741,0.9805555555555555,7,0
8,840 vs 190,unsigned |cor|^6,0.09541676785211749,cosine only,0.9215740740740741,0.9664197530864198,0,0
8,840 vs 190,unsigned |cor|^6,0.09541676785211749,subsampled,0.9527777777777777,0.9850308641975308,25,0
8,840 vs 190,unsigned |cor|^6,0.09541676785211749,debiased,0.9260493827160494,0.9782098765432099,8,0
8,840 vs 190,unsigned |cor|^6,0.09541676785211749,layer-scaled,0.7898765432098765,0.9800617283950618,7,0
9,840 vs 190,unsigned |cor|^6,-0.04337128376176918,as is,0.9428703703703704,0.9982098765432099,0,0
9,840 vs 190,unsigned |cor|^6,-0.04337128376176918,cosine only,0.922283950617284,0.9683024691358024,0,0
9,840 vs 190,unsigned |cor|^6,-0.04337128376176918,subsampled,0.956820987654321,0.9996604938271605,21,0
9,840 vs 190,unsigned |cor|^6,-0.04337128376176918,debiased,0.932716049382716,0.9978395061728395,0,0
9,840 vs 190,unsigned |cor|^6,-0.04337128376176918,layer-scaled,0.7996913580246914,0.9980864197530864,0,0
0,190 vs 190,signed ((1+cor)/2)^10,0.002922449781019463,as is,0.9306481481481481,0.9766975308641975,0,0
0,190 vs 190,signed ((1+cor)/2)^10,0.002922449781019463,cosine only,0.9612654320987655,0.9723148148148149,0,0
0,190 vs 190,signed ((1+cor)/2)^10,0.002922449781019463,debiased,0.9300925925925926,0.9740740740740741,0,0
0,190 vs 190,signed ((1+cor)/2)^10,0.002922449781019463,layer-scaled,0.8185802469135802,0.9766975308641975,0,0
0,190 vs 190,signed ((1+cor)/2)^10,0.002922449781019463,permutation,0.9265123456790123,0.8491975308641976,60,223
1,190 vs 190,signed ((1+cor)/2)^10,-0.16168817936997437,as is,0.9413271604938271,0.9962654320987654,55,3
1,190 vs 190,signed ((1+cor)/2)^10,-0.16168817936997437,cosine only,0.9923148148148148,0.9975925925925926,55,4
1,190 vs 190,signed ((1+cor)/2)^10,-0.16168817936997437,debiased,0.9237345679012345,0.9982407407407408,52,2
1,190 vs 190,signed ((1+cor)/2)^10,-0.16168817936997437,layer-scaled,0.7476851851851852,0.9962962962962963,55,3
1,190 vs 190,signed ((1+cor)/2)^10,-0.16168817936997437,permutation,0.9141512345679013,0.8579629629629629,60,300
2,190 vs 190,signed ((1+cor)/2)^10,0.14779582383261694,as is,0.9535185185185185,0.9905246913580247,47,2
2,190 vs 190,signed ((1+cor)/2)^10,0.14779582383261694,cosine only,0.9755555555555555,0.9898765432098765,24,0
2,190 vs 190,signed ((1+cor)/2)^10,0.14779582383261694,debiased,0.9349074074074074,0.9903703703703703,37,0
2,190 vs 190,signed ((1+cor)/2)^10,0.14779582383261694,layer-scaled,0.8275,0.9900308641975308,47,1
2,190 vs 190,signed ((1+cor)/2)^10,0.14779582383261694,permutation,0.9527623456790123,0.9502160493827161,59,200
3,190 vs 190,signed ((1+cor)/2)^10,-0.35774894845069183,as is,0.9486728395061729,0.9951234567901235,54,3
3,190 vs 190,signed ((1+cor)/2)^10,-0.35774894845069183,cosine only,0.9799074074074074,0.9905246913580247,39,2
3,190 vs 190,signed ((1+cor)/2)^10,-0.35774894845069183,debiased,0.9283641975308642,0.9946913580246913,54,0
3,190 vs 190,signed ((1+cor)/2)^10,-0.35774894845069183,layer-scaled,0.8090123456790124,0.9944444444444445,48,1
4,190 vs 190,signed ((1+cor)/2)^10,0.2801399529586476,as is,0.952283950617284,0.9896604938271605,0,0
4,190 vs 190,signed ((1+cor)/2)^10,0.2801399529586476,cosine only,0.9783641975308642,0.9907716049382717,2,0
4,190 vs 190,signed ((1+cor)/2)^10,0.2801399529586476,debiased,0.919537037037037,0.9854012345679012,5,0
4,190 vs 190,signed ((1+cor)/2)^10,0.2801399529586476,layer-scaled,0.8235493827160494,0.9901543209876543,32,1
5,190 vs 190,signed ((1+cor)/2)^10,-0.15573880846156893,as is,0.9675308641975309,0.9999074074074074,55,0
5,190 vs 190,signed ((1+cor)/2)^10,-0.15573880846156893,cosine only,0.9959567901234568,0.9944444444444445,36,0
5,190 vs 190,signed ((1+cor)/2)^10,-0.15573880846156893,debiased,0.9392283950617284,0.991358024691358,53,0
5,190 vs 190,signed ((1+cor)/2)^10,-0.15573880846156893,layer-scaled,0.7620061728395062,0.9999382716049383,55,0
6,190 vs 190,signed ((1+cor)/2)^10,0.18062940732041471,as is,0.9449691358024691,0.9916975308641975,48,2
6,190 vs 190,signed ((1+cor)/2)^10,0.18062940732041471,cosine only,0.9792283950617284,0.9877160493827161,30,0
6,190 vs 190,signed ((1+cor)/2)^10,0.18062940732041471,debiased,0.9239506172839507,0.9766975308641975,46,0
6,190 vs 190,signed ((1+cor)/2)^10,0.18062940732041471,layer-scaled,0.7976234567901235,0.9919135802469136,48,2
7,190 vs 190,signed ((1+cor)/2)^10,-0.12567963532553564,as is,0.9631172839506172,0.9937654320987654,53,5
7,190 vs 190,signed ((1+cor)/2)^10,-0.12567963532553564,cosine only,0.9887345679012346,0.9917901234567901,39,4
7,190 vs 190,signed ((1+cor)/2)^10,-0.12567963532553564,debiased,0.9462345679012346,0.993858024691358,47,0
7,190 vs 190,signed ((1+cor)/2)^10,-0.12567963532553564,layer-scaled,0.803858024691358,0.994320987654321,53,4
8,190 vs 190,signed ((1+cor)/2)^10,-0.3118221956540305,as is,0.9394753086419753,0.986574074074074,28,2
8,190 vs 190,signed ((1+cor)/2)^10,-0.3118221956540305,cosine only,0.9736419753086419,0.986358024691358,6,0
8,190 vs 190,signed ((1+cor)/2)^10,-0.3118221956540305,debiased,0.921141975308642,0.9871604938271605,24,0
8,190 vs 190,signed ((1+cor)/2)^10,-0.3118221956540305,layer-scaled,0.803641975308642,0.9879320987654321,26,2
9,190 vs 190,signed ((1+cor)/2)^10,0.04330425734399294,as is,0.9337654320987654,0.9881790123456791,45,1
9,190 vs 190,signed ((1+cor)/2)^10,0.04330425734399294,cosine only,0.9594135802469136,0.9818827160493827,7,0
9,190 vs 190,signed ((1+cor)/2)^10,0.04330425734399294,debiased,0.908395061728395,0.9868518518518519,46,0
9,190 vs 190,signed ((1+cor)/2)^10,0.04330425734399294,layer-scaled,0.7999691358024691,0.9879938271604938,48,3
0,30 vs 30,signed ((1+cor)/2)^10,0.1201138360243768,as is,0.9054629629629629,0.9282098765432099,0,0
0,30 vs 30,signed ((1+cor)/2)^10,0.1201138360243768,cosine only,0.9212345679012346,0.9235185185185185,6,0
0,30 vs 30,signed ((1+cor)/2)^10,0.1201138360243768,debiased,0.9019444444444444,0.9264197530864198,0,0
0,30 vs 30,signed ((1+cor)/2)^10,0.1201138360243768,layer-scaled,0.7759876543209877,0.9279012345679012,0,0
0,30 vs 30,signed ((1+cor)/2)^10,0.1201138360243768,permutation,0.9072067901234568,0.905216049382716,39,25
1,30 vs 30,signed ((1+cor)/2)^10,-0.410204065480916,as is,0.8053395061728396,0.8735802469135803,3,0
1,30 vs 30,signed ((1+cor)/2)^10,-0.410204065480916,cosine only,0.8824074074074074,0.8674382716049382,5,0
1,30 vs 30,signed ((1+cor)/2)^10,-0.410204065480916,debiased,0.8389814814814814,0.8831481481481481,3,0
1,30 vs 30,signed ((1+cor)/2)^10,-0.410204065480916,layer-scaled,0.6298148148148148,0.8734259259259259,3,0
1,30 vs 30,signed ((1+cor)/2)^10,-0.410204065480916,permutation,0.7813888888888889,0.8262345679012346,12,4
2,30 vs 30,signed ((1+cor)/2)^10,1.1677435627554311,as is,0.8540740740740741,0.9194135802469136,0,0
2,30 vs 30,signed ((1+cor)/2)^10,1.1677435627554311,cosine only,0.9048148148148148,0.9156172839506173,0,0
2,30 vs 30,signed ((1+cor)/2)^10,1.1677435627554311,debiased,0.8873148148148148,0.9238888888888889,0,0
2,30 vs 30,signed ((1+cor)/2)^10,1.1677435627554311,layer-scaled,0.7348148148148148,0.918425925925926,0,0
2,30 vs 30,signed ((1+cor)/2)^10,1.1677435627554311,permutation,0.8334413580246913,0.8579012345679012,37,20
3,30 vs 30,signed ((1+cor)/2)^10,-0.6076645931509878,as is,0.8885185185185185,0.926604938271605,2,0
3,30 vs 30,signed ((1+cor)/2)^10,-0.6076645931509878,cosine only,0.9207407407407407,0.9217592592592593,0,0
3,30 vs 30,signed ((1+cor)/2)^10,-0.6076645931509878,debiased,0.8958950617283951,0.9337654320987654,2,0
3,30 vs 30,signed ((1+cor)/2)^10,-0.6076645931509878,layer-scaled,0.7387345679012346,0.9268827160493828,2,0
4,30 vs 30,signed ((1+cor)/2)^10,-0.05558551686700427,as is,0.802283950617284,0.8358024691358025,0,0
4,30 vs 30,signed ((1+cor)/2)^10,-0.05558551686700427,cosine only,0.8384567901234568,0.8270061728395062,0,0
4,30 vs 30,signed ((1+cor)/2)^10,-0.05558551686700427,debiased,0.8089814814814815,0.8353086419753086,0,0
4,30 vs 30,signed ((1+cor)/2)^10,-0.05558551686700427,layer-scaled,0.6903703703703704,0.8352160493827161,0,0
5,30 vs 30,signed ((1+cor)/2)^10,0.45510104131441126,as is,0.8166358024691358,0.8570987654320987,4,0
5,30 vs 30,signed ((1+cor)/2)^10,0.45510104131441126,cosine only,0.854320987654321,0.8460493827160493,6,0
5,30 vs 30,signed ((1+cor)/2)^10,0.45510104131441126,debiased,0.8348456790123456,0.8554012345679012,4,0
5,30 vs 30,signed ((1+cor)/2)^10,0.45510104131441126,layer-scaled,0.6374691358024691,0.8561111111111112,4,0
6,30 vs 30,signed ((1+cor)/2)^10,1.05157555531257,as is,0.8409567901234568,0.8980246913580247,1,0
6,30 vs 30,signed ((1+cor)/2)^10,1.05157555531257,cosine only,0.9008024691358024,0.8983641975308642,6,0
6,30 vs 30,signed ((1+cor)/2)^10,1.05157555531257,debiased,0.850679012345679,0.9037037037037037,1,0
6,30 vs 30,signed ((1+cor)/2)^10,1.05157555531257,layer-scaled,0.7038888888888889,0.8925925925925926,0,0
7,30 vs 30,signed ((1+cor)/2)^10,0.38217091405608594,as is,0.8566049382716049,0.9016975308641976,0,0
7,30 vs 30,signed ((1+cor)/2)^10,0.38217091405608594,cosine only,0.8850925925925925,0.883179012345679,0,0
7,30 vs 30,signed ((1+cor)/2)^10,0.38217091405608594,debiased,0.844320987654321,0.8866666666666667,0,0
7,30 vs 30,signed ((1+cor)/2)^10,0.38217091405608594,layer-scaled,0.6984567901234567,0.9019444444444444,0,0
8,30 vs 30,signed ((1+cor)/2)^10,-1.0670550132005627,as is,0.8175,0.8616666666666667,1,0
8,30 vs 30,signed ((1+cor)/2)^10,-1.0670550132005627,cosine only,0.8541358024691358,0.860895061728395,6,0
8,30 vs 30,signed ((1+cor)/2)^10,-1.0670550132005627,debiased,0.8160185185185185,0.8602777777777778,2,0
8,30 vs 30,signed ((1+cor)/2)^10,-1.0670550132005627,layer-scaled,0.7055864197530864,0.8625,1,0
9,30 vs 30,signed ((1+cor)/2)^10,-0.9774519394681278,as is,0.7719444444444444,0.8149074074074074,0,0
9,30 vs 30,signed ((1+cor)/2)^10,-0.9774519394681278,cosine only,0.8201234567901234,0.8163271604938271,0,0
9,30 vs 30,signed ((1+cor)/2)^10,-0.9774519394681278,debiased,0.774074074074074,0.806141975308642,0,0
9,30 vs 30,signed ((1+cor)/2)^10,-0.9774519394681278,layer-scaled,0.6563580246913581,0.8206172839506173,0,0
0,150 vs 30,signed ((1+cor)/2)^10,1.0434517556030407,as is,0.904104938271605,0.9334259259259259,0,0
0,150 vs 30,signed ((1+cor)/2)^10,1.0434517556030407,cosine only,0.9237962962962963,0.9048765432098765,0,0
0,150 vs 30,signed ((1+cor)/2)^10,1.0434517556030407,subsampled,0.9018518518518519,0.935,17,3
0,150 vs 30,signed ((1+cor)/2)^10,1.0434517556030407,debiased,0.8910185185185185,0.9376851851851852,0,0
0,150 vs 30,signed ((1+cor)/2)^10,1.0434517556030407,layer-scaled,0.7769135802469136,0.9355864197530864,0,0
0,150 vs 30,signed ((1+cor)/2)^10,1.0434517556030407,permutation,0.9042438271604938,0.9066975308641976,48,45
1,150 vs 30,signed ((1+cor)/2)^10,1.4794234986181034,as is,0.8991358024691358,0.9607098765432098,10,1
1,150 vs 30,signed ((1+cor)/2)^10,1.4794234986181034,cosine only,0.9417283950617283,0.9369753086419753,8,0
1,150 vs 30,signed ((1+cor)/2)^10,1.4794234986181034,subsampled,0.8819135802469136,0.9489197530864197,23,1
1,150 vs 30,signed ((1+cor)/2)^10,1.4794234986181034,debiased,0.883425925925926,0.9436728395061729,7,0
1,150 vs 30,signed ((1+cor)/2)^10,1.4794234986181034,layer-scaled,0.7291358024691358,0.9669444444444445,8,1
1,150 vs 30,signed ((1+cor)/2)^10,1.4794234986181034,permutation,0.8795987654320988,0.9138271604938272,35,11
2,150 vs 30,signed ((1+cor)/2)^10,1.689795407577376,as is,0.9179012345679012,0.9438271604938272,19,0
2,150 vs 30,signed ((1+cor)/2)^10,1.689795407577376,cosine only,0.9453703703703704,0.9476851851851852,4,0
2,150 vs 30,signed ((1+cor)/2)^10,1.689795407577376,subsampled,0.8992283950617284,0.9286728395061729,28,1
2,150 vs 30,signed ((1+cor)/2)^10,1.689795407577376,debiased,0.9104320987654321,0.9406481481481481,12,0
2,150 vs 30,signed ((1+cor)/2)^10,1.689795407577376,layer-scaled,0.7612962962962962,0.9432716049382716,1,0
2,150 vs 30,signed ((1+cor)/2)^10,1.689795407577376,permutation,0.895679012345679,0.9028395061728395,36,20
3,150 vs 30,signed ((1+cor)/2)^10,1.6113440906313314,as is,0.9066358024691358,0.9504938271604938,20,1
3,150 vs 30,signed ((1+cor)/2)^10,1.6113440906313314,cosine only,0.9456172839506173,0.9377469135802469,3,0
3,150 vs 30,signed ((1+cor)/2)^10,1.6113440906313314,subsampled,0.8900925925925925,0.9276543209876543,32,1
3,150 vs 30,signed ((1+cor)/2)^10,1.6113440906313314,debiased,0.912283950617284,0.9455555555555556,3,0
3,150 vs 30,signed ((1+cor)/2)^10,1.6113440906313314,layer-scaled,0.7594444444444445,0.9528395061728395,6,0
4,150 vs 30,signed ((1+cor)/2)^10,1.626781477833435,as is,0.8640432098765433,0.9030864197530865,0,0
4,150 vs 30,signed ((1+cor)/2)^10,1.626781477833435,cosine only,0.898179012345679,0.8976234567901235,0,0
4,150 vs 30,signed ((1+cor)/2)^10,1.626781477833435,subsampled,0.8434259259259259,0.8837345679012346,13,1
4,150 vs 30,signed ((1+cor)/2)^10,1.626781477833435,debiased,0.8701234567901235,0.905,0,0
4,150 vs 30,signed ((1+cor)/2)^10,1.626781477833435,layer-scaled,0.7029320987654321,0.8987345679012345,0,0
5,150 vs 30,signed ((1+cor)/2)^10,1.46881568235033,as is,0.8770987654320987,0.9217283950617284,9,0
5,150 vs 30,signed ((1+cor)/2)^10,1.46881568235033,cosine only,0.9221296296296296,0.9210493827160494,9,0
5,150 vs 30,signed ((1+cor)/2)^10,1.46881568235033,subsampled,0.8650617283950617,0.9212962962962963,25,0
5,150 vs 30,signed ((1+cor)/2)^10,1.46881568235033,debiased,0.9037654320987655,0.9234259259259259,6,0
5,150 vs 30,signed ((1+cor)/2)^10,1.46881568235033,layer-scaled,0.6665123456790123,0.9226234567901235,6,0
6,150 vs 30,signed ((1+cor)/2)^10,1.9718858605495404,as is,0.9130555555555555,0.9634259259259259,2,0
6,150 vs 30,signed ((1+cor)/2)^10,1.9718858605495404,cosine only,0.9514506172839506,0.9504320987654321,8,0
6,150 vs 30,signed ((1+cor)/2)^10,1.9718858605495404,subsampled,0.9035493827160493,0.9564814814814815,30,3
6,150 vs 30,signed ((1+cor)/2)^10,1.9718858605495404,debiased,0.9135185185185185,0.9665123456790123,2,0
6,150 vs 30,signed ((1+cor)/2)^10,1.9718858605495404,layer-scaled,0.7479320987654321,0.9667901234567902,12,0
7,150 vs 30,signed ((1+cor)/2)^10,0.9275862917158971,as is,0.8704320987654321,0.9105246913580247,0,0
7,150 vs 30,signed ((1+cor)/2)^10,0.9275862917158971,cosine only,0.9069135802469136,0.8927469135802469,5,0
7,150 vs 30,signed ((1+cor)/2)^10,0.9275862917158971,subsampled,0.8585185185185186,0.9057098765432099,16,0
7,150 vs 30,signed ((1+cor)/2)^10,0.9275862917158971,debiased,0.8912654320987654,0.9163888888888889,0,0
7,150 vs 30,signed ((1+cor)/2)^10,0.9275862917158971,layer-scaled,0.7015432098765432,0.9171604938271605,0,0
8,150 vs 30,signed ((1+cor)/2)^10,2.13925309896199,as is,0.8469753086419753,0.9215432098765433,0,0
8,150 vs 30,signed ((1+cor)/2)^10,2.13925309896199,cosine only,0.8712037037037037,0.8837962962962963,0,0
8,150 vs 30,signed ((1+cor)/2)^10,2.13925309896199,subsampled,0.8310493827160493,0.8939506172839506,20,2
8,150 vs 30,signed ((1+cor)/2)^10,2.13925309896199,debiased,0.8394135802469136,0.9142283950617284,0,0
8,150 vs 30,signed ((1+cor)/2)^10,2.13925309896199,layer-scaled,0.7416975308641975,0.9254938271604938,0,0
9,150 vs 30,signed ((1+cor)/2)^10,1.7525428352252577,as is,0.8903395061728395,0.9277777777777778,0,0
9,150 vs 30,signed ((1+cor)/2)^10,1.7525428352252577,cosine only,0.9219753086419753,0.9123765432098765,0,0
9,150 vs 30,signed ((1+cor)/2)^10,1.7525428352252577,subsampled,0.8729320987654321,0.9084567901234568,6,2
9,150 vs 30,signed ((1+cor)/2)^10,1.7525428352252577,debiased,0.8756481481481482,0.9251851851851852,0,0
9,150 vs 30,signed ((1+cor)/2)^10,1.7525428352252577,layer-scaled,0.7437037037037038,0.9273456790123457,0,1
0,840 vs 260,signed ((1+cor)/2)^10,0.2982913153977349,as is,0.9717901234567902,0.995,0,0
0,840 vs 260,signed ((1+cor)/2)^10,0.2982913153977349,cosine only,0.9957716049382717,0.9934259259259259,2,0
0,840 vs 260,signed ((1+cor)/2)^10,0.2982913153977349,subsampled,0.9690740740740741,0.9981481481481481,54,3
0,840 vs 260,signed ((1+cor)/2)^10,0.2982913153977349,debiased,0.9708024691358025,0.9994444444444445,0,0
0,840 vs 260,signed ((1+cor)/2)^10,0.2982913153977349,layer-scaled,0.8473148148148149,0.9953395061728395,0,0
0,840 vs 260,signed ((1+cor)/2)^10,0.2982913153977349,permutation,0.9659567901234568,0.926141975308642,60,299
1,840 vs 260,signed ((1+cor)/2)^10,0.19968055573977855,as is,0.9543518518518519,0.9987037037037036,59,10
1,840 vs 260,signed ((1+cor)/2)^10,0.19968055573977855,cosine only,0.9866358024691358,0.9980246913580247,59,3
1,840 vs 260,signed ((1+cor)/2)^10,0.19968055573977855,subsampled,0.9523148148148148,0.9975617283950617,59,7
1,840 vs 260,signed ((1+cor)/2)^10,0.19968055573977855,debiased,0.9295987654320987,0.9926543209876543,59,2
1,840 vs 260,signed ((1+cor)/2)^10,0.19968055573977855,layer-scaled,0.7715740740740741,0.9986728395061728,59,10
1,840 vs 260,signed ((1+cor)/2)^10,0.19968055573977855,permutation,0.9264814814814815,0.8068518518518518,60,386
2,840 vs 260,signed ((1+cor)/2)^10,0.30535046990882403,as is,0.9751543209876543,0.9993827160493827,56,1
2,840 vs 260,signed ((1+cor)/2)^10,0.30535046990882403,cosine only,0.9953086419753087,0.9977777777777778,12,0
2,840 vs 260,signed ((1+cor)/2)^10,0.30535046990882403,subsampled,0.9735493827160494,1.0,60,0
2,840 vs 260,signed ((1+cor)/2)^10,0.30535046990882403,debiased,0.9489506172839506,0.9969753086419753,53,0
2,840 vs 260,signed ((1+cor)/2)^10,0.30535046990882403,layer-scaled,0.835,0.9993827160493827,53,1
2,840 vs 260,signed ((1+cor)/2)^10,0.30535046990882403,permutation,0.9702623456790124,0.9408641975308641,60,323
3,840 vs 260,signed ((1+cor)/2)^10,0.1338725245297082,as is,0.9691358024691358,0.9933333333333333,18,2
3,840 vs 260,signed ((1+cor)/2)^10,0.1338725245297082,cosine only,0.994537037037037,0.9904320987654321,17,2
3,840 vs 260,signed ((1+cor)/2)^10,0.1338725245297082,subsampled,0.9698765432098766,0.9972530864197531,58,4
3,840 vs 260,signed ((1+cor)/2)^10,0.1338725245297082,debiased,0.9448148148148148,0.9954938271604938,46,1
3,840 vs 260,signed ((1+cor)/2)^10,0.1338725245297082,layer-scaled,0.8235493827160494,0.9937654320987654,18,2
4,840 vs 260,signed ((1+cor)/2)^10,0.267140082009514,as is,0.972037037037037,0.9976851851851852,0,0
4,840 vs 260,signed ((1+cor)/2)^10,0.267140082009514,cosine only,0.9964814814814815,0.9917901234567901,0,0
4,840 vs 260,signed ((1+cor)/2)^10,0.267140082009514,subsampled,0.9679320987654321,0.9975925925925926,12,0
4,840 vs 260,signed ((1+cor)/2)^10,0.267140082009514,debiased,0.9519753086419753,0.9975308641975309,0,0
4,840 vs 260,signed ((1+cor)/2)^10,0.267140082009514,layer-scaled,0.842716049382716,0.9983024691358025,0,0
5,840 vs 260,signed ((1+cor)/2)^10,-0.1485735177408581,as is,0.9632716049382716,0.9999382716049383,57,0
5,840 vs 260,signed ((1+cor)/2)^10,-0.1485735177408581,cosine only,0.9957716049382717,0.999783950617284,28,0
5,840 vs 260,signed ((1+cor)/2)^10,-0.1485735177408581,subsampled,0.9644753086419753,0.9999691358024692,57,0
5,840 vs 260,signed ((1+cor)/2)^10,-0.1485735177408581,debiased,0.9480246913580247,0.9957716049382717,54,1
5,840 vs 260,signed ((1+cor)/2)^10,-0.1485735177408581,layer-scaled,0.7622222222222222,0.9999691358024692,58,0
6,840 vs 260,signed ((1+cor)/2)^10,0.4499759505629307,as is,0.9475925925925925,0.9956481481481482,52,3
6,840 vs 260,signed ((1+cor)/2)^10,0.4499759505629307,cosine only,0.9784259259259259,0.9916049382716049,35,3
6,840 vs 260,signed ((1+cor)/2)^10,0.4499759505629307,subsampled,0.9483641975308642,0.9921296296296296,56,5
6,840 vs 260,signed ((1+cor)/2)^10,0.4499759505629307,debiased,0.9065123456790124,0.9935802469135803,50,1
6,840 vs 260,signed ((1+cor)/2)^10,0.4499759505629307,layer-scaled,0.8210493827160494,0.9960185185185185,55,4
7,840 vs 260,signed ((1+cor)/2)^10,0.11831308114434023,as is,0.980246913580247,0.9994444444444445,57,1
7,840 vs 260,signed ((1+cor)/2)^10,0.11831308114434023,cosine only,0.9987037037037036,0.9985802469135803,42,0
7,840 vs 260,signed ((1+cor)/2)^10,0.11831308114434023,subsampled,0.979320987654321,0.9995061728395062,58,1
7,840 vs 260,signed ((1+cor)/2)^10,0.11831308114434023,debiased,0.9480864197530864,0.9985493827160494,50,0
7,840 vs 260,signed ((1+cor)/2)^10,0.11831308114434023,layer-scaled,0.8195987654320988,0.999537037037037,58,1
8,840 vs 260,signed ((1+cor)/2)^10,-0.01855050020964905,as is,0.9458641975308641,0.9949691358024692,17,1
8,840 vs 260,signed ((1+cor)/2)^10,-0.01855050020964905,cosine only,0.9774382716049382,0.9933333333333333,20,1
8,840 vs 260,signed ((1+cor)/2)^10,-0.01855050020964905,subsampled,0.9463271604938271,0.9951543209876543,42,1
8,840 vs 260,signed ((1+cor)/2)^10,-0.01855050020964905,debiased,0.9204320987654321,0.996141975308642,42,0
8,840 vs 260,signed ((1+cor)/2)^10,-0.01855050020964905,layer-scaled,0.8091975308641975,0.9950308641975308,16,1
9,840 vs 260,signed ((1+cor)/2)^10,-0.12519451090917016,as is,0.9660802469135803,0.9993518518518518,46,0
9,840 vs 260,signed ((1+cor)/2)^10,-0.12519451090917016,cosine only,0.9908641975308642,0.9982098765432099,0,0
9,840 vs 260,signed ((1+cor)/2)^10,-0.12519451090917016,subsampled,0.9664197530864198,0.9999074074074074,58,1
9,840 vs 260,signed ((1+cor)/2)^10,-0.12519451090917016,debiased,0.9400617283950617,0.9997530864197531,53,0
9,840 vs 260,signed ((1+cor)/2)^10,-0.12519451090917016,layer-scaled,0.8190740740740741,0.9992901234567901,41,0
0,840 vs 190,signed ((1+cor)/2)^10,0.2443051623524003,as is,0.9518518518518518,0.9955555555555555,0,0
0,840 vs 190,signed ((1+cor)/2)^10,0.2443051623524003,cosine only,0.9766666666666667,0.990462962962963,0,0
0,840 vs 190,signed ((1+cor)/2)^10,0.2443051623524003,subsampled,0.9535185185185185,0.9971296296296296,52,1
0,840 vs 190,signed ((1+cor)/2)^10,0.2443051623524003,debiased,0.936141975308642,0.9909259259259259,0,0
0,840 vs 190,signed ((1+cor)/2)^10,0.2443051623524003,layer-scaled,0.8286728395061729,0.9966666666666667,0,0
0,840 vs 190,signed ((1+cor)/2)^10,0.2443051623524003,permutation,0.950462962962963,0.9341666666666667,60,282
1,840 vs 190,signed ((1+cor)/2)^10,0.34887660491300826,as is,0.9712037037037037,0.9987037037037036,59,5
1,840 vs 190,signed ((1+cor)/2)^10,0.34887660491300826,cosine only,0.9946604938271605,0.9992283950617284,58,5
1,840 vs 190,signed ((1+cor)/2)^10,0.34887660491300826,subsampled,0.9666358024691358,0.999320987654321,58,4
1,840 vs 190,signed ((1+cor)/2)^10,0.34887660491300826,debiased,0.9444135802469136,0.9979938271604938,59,3
1,840 vs 190,signed ((1+cor)/2)^10,0.34887660491300826,layer-scaled,0.7780246913580247,0.9990740740740741,59,5
1,840 vs 190,signed ((1+cor)/2)^10,0.34887660491300826,permutation,0.9300617283950617,0.8839506172839506,60,372
2,840 vs 190,signed ((1+cor)/2)^10,0.3012975144799904,as is,0.9695370370370371,0.9986728395061728,45,1
2,840 vs 190,signed ((1+cor)/2)^10,0.3012975144799904,cosine only,0.9928703703703704,0.9978703703703704,16,0
2,840 vs 190,signed ((1+cor)/2)^10,0.3012975144799904,subsampled,0.9680555555555556,0.9980864197530864,54,1
2,840 vs 190,signed ((1+cor)/2)^10,0.3012975144799904,debiased,0.9514814814814815,0.9998148148148148,47,0
2,840 vs 190,signed ((1+cor)/2)^10,0.3012975144799904,layer-scaled,0.8304938271604938,0.9985185185185185,24,0
2,840 vs 190,signed ((1+cor)/2)^10,0.3012975144799904,permutation,0.9607561728395062,0.9625308641975309,60,285
3,840 vs 190,signed ((1+cor)/2)^10,0.25309088479536446,as is,0.957037037037037,0.9964814814814815,43,1
3,840 vs 190,signed ((1+cor)/2)^10,0.25309088479536446,cosine only,0.984104938271605,0.9912962962962963,10,0
3,840 vs 190,signed ((1+cor)/2)^10,0.25309088479536446,subsampled,0.9560185185185185,0.9925308641975309,59,8
3,840 vs 190,signed ((1+cor)/2)^10,0.25309088479536446,debiased,0.9390432098765432,0.9962654320987654,25,0
3,840 vs 190,signed ((1+cor)/2)^10,0.25309088479536446,layer-scaled,0.8198456790123457,0.9969753086419753,39,0
4,840 vs 190,signed ((1+cor)/2)^10,0.4213782345958999,as is,0.9684259259259259,0.9953086419753087,0,0
4,840 vs 190,signed ((1+cor)/2)^10,0.4213782345958999,cosine only,0.9916049382716049,0.993179012345679,5,0
4,840 vs 190,signed ((1+cor)/2)^10,0.4213782345958999,subsampled,0.9689197530864198,0.996820987654321,48,3
4,840 vs 190,signed ((1+cor)/2)^10,0.4213782345958999,debiased,0.9434259259259259,0.995895061728395,0,0
4,840 vs 190,signed ((1+cor)/2)^10,0.4213782345958999,layer-scaled,0.8366666666666667,0.9958641975308642,41,2
5,840 vs 190,signed ((1+cor)/2)^10,-0.1520243960067052,as is,0.9527469135802469,0.9987962962962963,56,1
5,840 vs 190,signed ((1+cor)/2)^10,-0.1520243960067052,cosine only,0.9926543209876543,0.9977469135802469,16,0
5,840 vs 190,signed ((1+cor)/2)^10,-0.1520243960067052,subsampled,0.9519135802469135,0.9993827160493827,53,1
5,840 vs 190,signed ((1+cor)/2)^10,-0.1520243960067052,debiased,0.9327469135802469,0.9994444444444445,48,0
5,840 vs 190,signed ((1+cor)/2)^10,-0.1520243960067052,layer-scaled,0.7507716049382716,0.9989506172839506,58,1
6,840 vs 190,signed ((1+cor)/2)^10,0.5843046224355541,as is,0.9419135802469136,0.9942283950617284,51,2
6,840 vs 190,signed ((1+cor)/2)^10,0.5843046224355541,cosine only,0.9786111111111111,0.9883950617283951,25,1
6,840 vs 190,signed ((1+cor)/2)^10,0.5843046224355541,subsampled,0.9443827160493827,0.9926851851851852,53,2
6,840 vs 190,signed ((1+cor)/2)^10,0.5843046224355541,debiased,0.8981481481481481,0.9925925925925926,45,0
6,840 vs 190,signed ((1+cor)/2)^10,0.5843046224355541,layer-scaled,0.8112345679012346,0.9948765432098765,52,2
7,840 vs 190,signed ((1+cor)/2)^10,0.10565197893517177,as is,0.9711728395061728,0.9990123456790123,18,0
7,840 vs 190,signed ((1+cor)/2)^10,0.10565197893517177,cosine only,0.9932098765432099,0.9972530864197531,11,0
7,840 vs 190,signed ((1+cor)/2)^10,0.10565197893517177,subsampled,0.9739506172839506,0.9997530864197531,57,0
7,840 vs 190,signed ((1+cor)/2)^10,0.10565197893517177,debiased,0.9323456790123457,0.9910802469135802,44,0
7,840 vs 190,signed ((1+cor)/2)^10,0.10565197893517177,layer-scaled,0.8087345679012345,0.9990740740740741,18,0
8,840 vs 190,signed ((1+cor)/2)^10,0.22849714881571287,as is,0.9532098765432099,0.9969444444444444,50,1
8,840 vs 190,signed ((1+cor)/2)^10,0.22849714881571287,cosine only,0.9780555555555556,0.9950308641975308,34,0
8,840 vs 190,signed ((1+cor)/2)^10,0.22849714881571287,subsampled,0.9568518518518518,0.9968518518518519,57,3
8,840 vs 190,signed ((1+cor)/2)^10,0.22849714881571287,debiased,0.942037037037037,0.994537037037037,50,0
8,840 vs 190,signed ((1+cor)/2)^10,0.22849714881571287,layer-scaled,0.8191049382716049,0.9966049382716049,42,1
9,840 vs 190,signed ((1+cor)/2)^10,0.05540264037964813,as is,0.9641975308641976,0.9995679012345678,59,1
9,840 vs 190,signed ((1+cor)/2)^10,0.05540264037964813,cosine only,0.9885802469135803,0.9991975308641975,36,0
9,840 vs 190,signed ((1+cor)/2)^10,0.05540264037964813,subsampled,0.9602777777777778,0.9989197530864198,58,2
9,840 vs 190,signed ((1+cor)/2)^10,0.05540264037964813,debiased,0.9476851851851852,0.9981172839506173,55,0
9,840 vs 190,signed ((1+cor)/2)^10,0.05540264037964813,layer-scaled,0.8202777777777778,0.9994753086419753,59,0
