comparison,embedding,ranking,gene_set,z,qvalue,cell_cycle
G1 -> S,UASE,community (cosine),REACTOME_CELL_CYCLE_CHECKPOINTS,9.360714161591899,2.114627536701244e-18,True
G1 -> S,UASE,community (cosine),REACTOME_CELL_CYCLE_MITOTIC,9.18640405742998,5.422678183568383e-18,True
G1 -> S,UASE,community (cosine),REACTOME_CELL_CYCLE,9.101625390686445,7.920101944226542e-18,True
G1 -> S,UASE,community (cosine),REACTOME_PHOSPHORYLATION_OF_EMI1,8.702732077992858,2.1626211046392693e-16,False
G1 -> S,UASE,community (cosine),REACTOME_MITOTIC_METAPHASE_AND_ANAPHASE,8.563828078384367,5.830244151688748e-16,True
G1 -> S,UASE,community (cosine),REACTOME_APC_C_MEDIATED_DEGRADATION_OF_CELL_CYCLE_PROTEINS,8.280997453250949,5.435577194252666e-15,True
G1 -> S,UASE,community (cosine),REACTOME_RESOLUTION_OF_SISTER_CHROMATID_COHESION,8.236272507877603,6.776422513727621e-15,True
G1 -> S,UASE,community (cosine),REACTOME_MITOTIC_SPINDLE_CHECKPOINT,7.924444396449497,7.648504282270896e-14,True
G1 -> S,UASE,community (cosine),REACTOME_APC_C_CDC20_MEDIATED_DEGRADATION_OF_CYCLIN_B,7.792843529715102,1.8707925412010756e-13,True
G1 -> S,UASE,community (cosine),REACTOME_SEPARATION_OF_SISTER_CHROMATIDS,7.775793414910878,1.8707925412010756e-13,True
G1 -> S,UASE,community (cosine),REACTOME_M_PHASE,7.772299656330327,1.8707925412010756e-13,True
G1 -> S,UASE,community (cosine),REACTOME_MITOTIC_PROMETAPHASE,7.596227861517892,6.783746497266924e-13,True
G1 -> S,UASE,community (cosine),REACTOME_CYCLIN_A_B1_B2_ASSOCIATED_EVENTS_DURING_G2_M_TRANSITION,7.49733007399179,1.3376869470759375e-12,True
G1 -> S,UASE,community (cosine),REACTOME_RHO_GTPASES_ACTIVATE_FORMINS,7.325126698812996,4.5518372399381845e-12,False
G1 -> S,UASE,community (cosine),REACTOME_MITOTIC_G1_PHASE_AND_G1_S_TRANSITION,6.9801516282631235,5.24853738788093e-11,True
G1 -> S,UASE,hub (radial),REACTOME_CELL_CYCLE,4.93158686311394,0.0002177766351383293,True
G1 -> S,UASE,hub (radial),REACTOME_CELL_CYCLE_MITOTIC,4.763086499195173,0.00022416987039858432,True
G1 -> S,UASE,hub (radial),REACTOME_CELL_CYCLE_CHECKPOINTS,4.7066050161168995,0.00022416987039858432,True
G1 -> S,UASE,hub (radial),REACTOME_G2_M_CHECKPOINTS,4.363910943616136,0.0008527820044004438,True
G1 -> S,UASE,hub (radial),REACTOME_DNA_REPLICATION,4.221961890873149,0.001293268239722325,True
G1 -> S,UASE,hub (radial),REACTOME_MITOTIC_G1_PHASE_AND_G1_S_TRANSITION,4.021940045711405,0.0025685734513165273,True
G1 -> S,UASE,hub (radial),REACTOME_S_PHASE,3.856869652174961,0.0043806447955288316,True
G1 -> S,UASE,hub (radial),REACTOME_SYNTHESIS_OF_DNA,3.7910993804361497,0.004955769926960011,False
G1 -> S,UASE,hub (radial),REACTOME_DNA_STRAND_ELONGATION,3.7642519036095576,0.004955769926960011,False
G1 -> S,UASE,hub (radial),REACTOME_G1_S_SPECIFIC_TRANSCRIPTION,3.5309097848964464,0.010382818487990041,True
G1 -> S,UASE,hub (radial),REACTOME_DNA_DAMAGE_BYPASS,3.5180305605718423,0.010382818487990041,False
G1 -> S,UASE,hub (radial),REACTOME_ACTIVATION_OF_ATR_IN_RESPONSE_TO_REPLICATION_STRESS,3.499207358617654,0.010382818487990041,True
G1 -> S,UASE,hub (radial),REACTOME_RESOLUTION_OF_SISTER_CHROMATID_COHESION,3.435195245730216,0.012011810279026584,True
G1 -> S,UASE,hub (radial),REACTOME_G0_AND_EARLY_G1,3.4058437981293537,0.012011810279026584,True
G1 -> S,UASE,hub (radial),REACTOME_MITOTIC_METAPHASE_AND_ANAPHASE,3.3948817094935873,0.012011810279026584,True
G1 -> S,UASE,euclidean,REACTOME_CELL_CYCLE_CHECKPOINTS,5.968759166434703,6.383026873681318e-07,True
G1 -> S,UASE,euclidean,REACTOME_DNA_REPLICATION,5.6020290543504965,2.8282913878868955e-06,True
G1 -> S,UASE,euclidean,REACTOME_SYNTHESIS_OF_DNA,5.40069947937389,3.0594392552415756e-06,False
G1 -> S,UASE,euclidean,REACTOME_G2_M_CHECKPOINTS,5.396649533745775,3.0594392552415756e-06,True
G1 -> S,UASE,euclidean,REACTOME_CELL_CYCLE,5.392538406996734,3.0594392552415756e-06,True
G1 -> S,UASE,euclidean,REACTOME_DNA_STRAND_ELONGATION,5.376052404940542,3.0594392552415756e-06,False
G1 -> S,UASE,euclidean,REACTOME_G1_S_SPECIFIC_TRANSCRIPTION,5.366655572058482,3.0594392552415756e-06,True
G1 -> S,UASE,euclidean,REACTOME_RECOGNITION_OF_DNA_DAMAGE_BY_PCNA_CONTAINING_REPLICATION_COMPLEX,5.195632310327515,6.266956927634635e-06,True
G1 -> S,UASE,euclidean,REACTOME_CELL_CYCLE_MITOTIC,5.18915919940969,6.266956927634635e-06,True
G1 -> S,UASE,euclidean,REACTOME_MITOTIC_G1_PHASE_AND_G1_S_TRANSITION,5.140905754079326,7.3002388055425255e-06,True
G1 -> S,UASE,euclidean,REACTOME_G0_AND_EARLY_G1,4.947808847744565,1.8217545705499945e-05,True
G1 -> S,UASE,euclidean,REACTOME_PHOSPHORYLATION_OF_EMI1,4.9172401352930555,1.952946063173093e-05,False
G1 -> S,UASE,euclidean,REACTOME_RESOLUTION_OF_ABASIC_SITES_AP_SITES,4.893568638758486,2.033795602015352e-05,False
G1 -> S,UASE,euclidean,REACTOME_PCNA_DEPENDENT_LONG_PATCH_BASE_EXCISION_REPAIR,4.766171469377662,3.580841619354169e-05,False
G1 -> S,UASE,euclidean,REACTOME_LAGGING_STRAND_SYNTHESIS,4.729688132403902,4.002596901473571e-05,True
G1 -> S,UASE,default (euclidean + cosine),REACTOME_CELL_CYCLE_CHECKPOINTS,8.778664680601535,4.416899008205147e-16,True
G1 -> S,UASE,default (euclidean + cosine),REACTOME_CELL_CYCLE,8.416492634048275,5.178777264466304e-15,True
G1 -> S,UASE,default (euclidean + cosine),REACTOME_CELL_CYCLE_MITOTIC,8.362102674006351,5.483306792471114e-15,True
G1 -> S,UASE,default (euclidean + cosine),REACTOME_PHOSPHORYLATION_OF_EMI1,8.10998338444123,3.3793311735330424e-14,False
G1 -> S,UASE,default (euclidean + cosine),REACTOME_MITOTIC_METAPHASE_AND_ANAPHASE,7.6203916259002025,1.3505245810905838e-12,True
G1 -> S,UASE,default (euclidean + cosine),REACTOME_RESOLUTION_OF_SISTER_CHROMATID_COHESION,7.277059679503526,1.5182258825595218e-11,True
G1 -> S,UASE,default (euclidean + cosine),REACTOME_APC_C_MEDIATED_DEGRADATION_OF_CELL_CYCLE_PROTEINS,7.236317235908764,1.7585086303542363e-11,True
G1 -> S,UASE,default (euclidean + cosine),REACTOME_APC_C_CDC20_MEDIATED_DEGRADATION_OF_CYCLIN_B,7.109780132969968,3.562399292872975e-11,True
G1 -> S,UASE,default (euclidean + cosine),REACTOME_MITOTIC_G1_PHASE_AND_G1_S_TRANSITION,7.105277662076636,3.562399292872975e-11,True
G1 -> S,UASE,default (euclidean + cosine),REACTOME_CYCLIN_A_B1_B2_ASSOCIATED_EVENTS_DURING_G2_M_TRANSITION,7.0447564742358555,4.9604900863397746e-11,True
G1 -> S,UASE,default (euclidean + cosine),REACTOME_DNA_REPLICATION,6.95755623855653,8.073074250929698e-11,True
G1 -> S,UASE,default (euclidean + cosine),REACTOME_G1_S_SPECIFIC_TRANSCRIPTION,6.950949869860937,8.073074250929698e-11,True
G1 -> S,UASE,default (euclidean + cosine),REACTOME_G0_AND_EARLY_G1,6.887742951634629,1.0857538742131979e-10,True
G1 -> S,UASE,default (euclidean + cosine),REACTOME_G2_M_CHECKPOINTS,6.887125701487083,1.0857538742131979e-10,True
G1 -> S,UASE,default (euclidean + cosine),REACTOME_MITOTIC_SPINDLE_CHECKPOINT,6.860319665110345,1.222977966511627e-10,True
G1 -> S,ULSE,community (cosine),REACTOME_CELL_CYCLE_CHECKPOINTS,9.683834718757309,9.430795930391379e-20,True
G1 -> S,ULSE,community (cosine),REACTOME_CELL_CYCLE,9.27414447905767,2.205326493941351e-18,True
G1 -> S,ULSE,community (cosine),REACTOME_CELL_CYCLE_MITOTIC,9.239440505320276,2.205326493941351e-18,True
G1 -> S,ULSE,community (cosine),REACTOME_PHOSPHORYLATION_OF_EMI1,9.109265875434309,5.536330927347822e-18,False
G1 -> S,ULSE,community (cosine),REACTOME_MITOTIC_METAPHASE_AND_ANAPHASE,8.554366183196997,6.328867632565142e-16,True
G1 -> S,ULSE,community (cosine),REACTOME_APC_C_MEDIATED_DEGRADATION_OF_CELL_CYCLE_PROTEINS,8.40991450024625,1.8258781969691813e-15,True
G1 -> S,ULSE,community (cosine),REACTOME_RESOLUTION_OF_SISTER_CHROMATID_COHESION,8.204473897986494,8.83399361068901e-15,True
G1 -> S,ULSE,community (cosine),REACTOME_APC_C_CDC20_MEDIATED_DEGRADATION_OF_CYCLIN_B,7.9984104138044865,4.206440523125334e-14,True
G1 -> S,ULSE,community (cosine),REACTOME_M_PHASE,7.883195483144604,9.467026221199885e-14,True
G1 -> S,ULSE,community (cosine),REACTOME_MITOTIC_SPINDLE_CHECKPOINT,7.869379472130969,9.51600251305706e-14,True
G1 -> S,ULSE,community (cosine),REACTOME_SEPARATION_OF_SISTER_CHROMATIDS,7.81739945574668,1.308925514345666e-13,True
G1 -> S,ULSE,community (cosine),REACTOME_CYCLIN_A_B1_B2_ASSOCIATED_EVENTS_DURING_G2_M_TRANSITION,7.777804749524088,1.64191302958572e-13,True
G1 -> S,ULSE,community (cosine),REACTOME_MITOTIC_PROMETAPHASE,7.691736722421292,2.9811796501122874e-13,True
G1 -> S,ULSE,community (cosine),REACTOME_G2_M_CHECKPOINTS,7.638168595326626,4.2020694659681926e-13,True
G1 -> S,ULSE,community (cosine),REACTOME_MITOTIC_G1_PHASE_AND_G1_S_TRANSITION,7.4055216447228105,2.325319539946383e-12,True
G1 -> S,ULSE,hub (radial),REACTOME_CELL_CYCLE_CHECKPOINTS,4.985399780005649,0.00016509631141588016,True
G1 -> S,ULSE,hub (radial),REACTOME_CELL_CYCLE,4.728732543213344,0.0003016108919930654,True
G1 -> S,ULSE,hub (radial),REACTOME_CELL_CYCLE_MITOTIC,4.638240248472926,0.00031273548893870476,True
G1 -> S,ULSE,hub (radial),REACTOME_DNA_REPLICATION,4.4931220658027735,0.000468495065117438,True
G1 -> S,ULSE,hub (radial),REACTOME_G2_M_CHECKPOINTS,4.380725162046157,0.0006316418542128442,True
G1 -> S,ULSE,hub (radial),REACTOME_S_PHASE,4.243160784765885,0.000980750679948916,True
G1 -> S,ULSE,hub (radial),REACTOME_MITOTIC_G1_PHASE_AND_G1_S_TRANSITION,4.173602617290811,0.0011436011407593093,True
G1 -> S,ULSE,hub (radial),REACTOME_SYNTHESIS_OF_DNA,4.059929975336508,0.0016382931479658606,False
G1 -> S,ULSE,hub (radial),REACTOME_DNA_STRAND_ELONGATION,3.736982635529022,0.005525172808036429,False
G1 -> S,ULSE,hub (radial),REACTOME_RESOLUTION_OF_SISTER_CHROMATID_COHESION,3.6451130877299405,0.006503069677697529,True
G1 -> S,ULSE,hub (radial),REACTOME_MITOTIC_METAPHASE_AND_ANAPHASE,3.6444955908244716,0.006503069677697529,True
G1 -> S,ULSE,hub (radial),REACTOME_G0_AND_EARLY_G1,3.5327218117209847,0.009151536838180185,True
G1 -> S,ULSE,hub (radial),REACTOME_DNA_DAMAGE_BYPASS,3.49662802211568,0.009677278346670674,False
G1 -> S,ULSE,hub (radial),REACTOME_G1_S_SPECIFIC_TRANSCRIPTION,3.4060609114347966,0.011639194989048014,True
G1 -> S,ULSE,hub (radial),REACTOME_SEPARATION_OF_SISTER_CHROMATIDS,3.395721052383045,0.011639194989048014,True
G1 -> S,ULSE,euclidean,REACTOME_CELL_CYCLE_CHECKPOINTS,6.623927458074663,9.339085078624157e-09,True
G1 -> S,ULSE,euclidean,REACTOME_CELL_CYCLE,5.837312885761788,5.668947382218737e-07,True
G1 -> S,ULSE,euclidean,REACTOME_PHOSPHORYLATION_OF_EMI1,5.7834104274263884,5.668947382218737e-07,False
G1 -> S,ULSE,euclidean,REACTOME_CELL_CYCLE_MITOTIC,5.758373947505158,5.668947382218737e-07,True
G1 -> S,ULSE,euclidean,REACTOME_CYCLIN_A_B1_B2_ASSOCIATED_EVENTS_DURING_G2_M_TRANSITION,5.590404278313911,1.2097318385349146e-06,True
G1 -> S,ULSE,euclidean,REACTOME_MITOTIC_METAPHASE_AND_ANAPHASE,5.511015773553338,1.587620918867194e-06,True
G1 -> S,ULSE,euclidean,REACTOME_DNA_REPLICATION,5.427629431359808,2.0143252961322407e-06,True
G1 -> S,ULSE,euclidean,REACTOME_G2_M_CHECKPOINTS,5.399579492517612,2.0143252961322407e-06,True
G1 -> S,ULSE,euclidean,REACTOME_SYNTHESIS_OF_DNA,5.386784329048068,2.0143252961322407e-06,False
G1 -> S,ULSE,euclidean,REACTOME_G0_AND_EARLY_G1,5.37770117442821,2.0143252961322407e-06,True
G1 -> S,ULSE,euclidean,REACTOME_G1_S_SPECIFIC_TRANSCRIPTION,5.35908705658083,2.030256956183685e-06,True
G1 -> S,ULSE,euclidean,REACTOME_RESOLUTION_OF_SISTER_CHROMATID_COHESION,5.322272199562277,2.2801594001677607e-06,True
G1 -> S,ULSE,euclidean,REACTOME_APC_C_CDC20_MEDIATED_DEGRADATION_OF_CYCLIN_B,5.293958720991865,2.313877488115797e-06,True
G1 -> S,ULSE,euclidean,REACTOME_MITOTIC_G1_PHASE_AND_G1_S_TRANSITION,5.291485351967864,2.313877488115797e-06,True
G1 -> S,ULSE,euclidean,REACTOME_APC_C_MEDIATED_DEGRADATION_OF_CELL_CYCLE_PROTEINS,5.205514140946803,3.4435918031125478e-06,True
G1 -> S,ULSE,default (euclidean + cosine),REACTOME_CELL_CYCLE_CHECKPOINTS,8.980287833657316,7.210584273519283e-17,True
G1 -> S,ULSE,default (euclidean + cosine),REACTOME_CELL_CYCLE,8.51000186971831,2.3219728402095976e-15,True
G1 -> S,ULSE,default (euclidean + cosine),REACTOME_CELL_CYCLE_MITOTIC,8.412482574013067,3.572660080015371e-15,True
G1 -> S,ULSE,default (euclidean + cosine),REACTOME_PHOSPHORYLATION_OF_EMI1,8.274593566830463,8.603709244250217e-15,False
G1 -> S,ULSE,default (euclidean + cosine),REACTOME_MITOTIC_METAPHASE_AND_ANAPHASE,7.7830594783409595,3.780257043999835e-13,True
G1 -> S,ULSE,default (euclidean + cosine),REACTOME_APC_C_MEDIATED_DEGRADATION_OF_CELL_CYCLE_PROTEINS,7.533396864876522,2.199949296691795e-12,True
G1 -> S,ULSE,default (euclidean + cosine),REACTOME_RESOLUTION_OF_SISTER_CHROMATID_COHESION,7.4332129326010135,4.042802282337966e-12,True
G1 -> S,ULSE,default (euclidean + cosine),REACTOME_APC_C_CDC20_MEDIATED_DEGRADATION_OF_CYCLIN_B,7.346812680504619,6.774758739097652e-12,True
G1 -> S,ULSE,default (euclidean + cosine),REACTOME_MITOTIC_G1_PHASE_AND_G1_S_TRANSITION,7.296657511000259,8.751798710860865e-12,True
G1 -> S,ULSE,default (euclidean + cosine),REACTOME_G2_M_CHECKPOINTS,7.268155817275677,8.961788694147297e-12,True
G1 -> S,ULSE,default (euclidean + cosine),REACTOME_CYCLIN_A_B1_B2_ASSOCIATED_EVENTS_DURING_G2_M_TRANSITION,7.26639341987409,8.961788694147297e-12,True
G1 -> S,ULSE,default (euclidean + cosine),REACTOME_G0_AND_EARLY_G1,7.137664445650993,2.1121929820868044e-11,True
G1 -> S,ULSE,default (euclidean + cosine),REACTOME_SEPARATION_OF_SISTER_CHROMATIDS,7.068393363161572,3.219151750648327e-11,True
G1 -> S,ULSE,default (euclidean + cosine),REACTOME_MITOTIC_SPINDLE_CHECKPOINT,7.008310511084202,4.600276817565199e-11,True
G1 -> S,ULSE,default (euclidean + cosine),REACTOME_G1_S_SPECIFIC_TRANSCRIPTION,6.964871693403446,5.850916731656473e-11,True
G1 -> S,-,degree difference,REACTOME_CELL_CYCLE,5.790760970445863,1.870821874305767e-06,True
G1 -> S,-,degree difference,REACTOME_CELL_CYCLE_MITOTIC,5.174851050824843,3.0240363152163487e-05,True
G1 -> S,-,degree difference,REACTOME_CELL_CYCLE_CHECKPOINTS,5.099929864458837,3.0240363152163487e-05,True
G1 -> S,-,degree difference,REACTOME_MITOTIC_G1_PHASE_AND_G1_S_TRANSITION,4.818352214815131,9.54479086734268e-05,True
G1 -> S,-,degree difference,REACTOME_DNA_REPLICATION,4.763369416509339,9.54479086734268e-05,True
G1 -> S,-,degree difference,REACTOME_G2_M_CHECKPOINTS,4.739269868663897,9.54479086734268e-05,True
G1 -> S,-,degree difference,REACTOME_G1_S_SPECIFIC_TRANSCRIPTION,4.625523485634811,0.0001425221060950454,True
G1 -> S,-,degree difference,REACTOME_DNA_STRAND_ELONGATION,4.481029426018571,0.000247922407899408,False
G1 -> S,-,degree difference,REACTOME_RECOGNITION_OF_DNA_DAMAGE_BY_PCNA_CONTAINING_REPLICATION_COMPLEX,4.337822428267974,0.00042690730986276313,True
G1 -> S,-,degree difference,REACTOME_RESOLUTION_OF_AP_SITES_VIA_THE_MULTIPLE_NUCLEOTIDE_PATCH_REPLACEMENT_PATHWAY,4.12465665795383,0.0009913395131991804,False
G1 -> S,-,degree difference,REACTOME_SYNTHESIS_OF_DNA,4.100609129968447,0.0010001918452194095,False
G1 -> S,-,degree difference,REACTOME_PCNA_DEPENDENT_LONG_PATCH_BASE_EXCISION_REPAIR,3.9515015237548274,0.0016459388157897897,False
G1 -> S,-,degree difference,REACTOME_S_PHASE,3.927380213085087,0.0016459388157897897,True
G1 -> S,-,degree difference,REACTOME_BASE_EXCISION_REPAIR,3.9261846623210293,0.0016459388157897897,False
G1 -> S,-,degree difference,REACTOME_TERMINATION_OF_TRANSLESION_DNA_SYNTHESIS,3.887235203350719,0.0018047864724113323,False
S -> G2,UASE,community (cosine),REACTOME_REGULATION_OF_MRNA_STABILITY_BY_PROTEINS_THAT_BIND_AU_RICH_ELEMENTS,4.222685022341791,0.005549134133145062,False
S -> G2,UASE,community (cosine),REACTOME_ABC_FAMILY_PROTEINS_MEDIATED_TRANSPORT,4.098595083616472,0.005549134133145062,False
S -> G2,UASE,community (cosine),REACTOME_AUF1_HNRNP_D0_BINDS_AND_DESTABILIZES_MRNA,3.986302003953521,0.005551000833148937,False
S -> G2,UASE,community (cosine),REACTOME_APC_C_CDH1_MEDIATED_DEGRADATION_OF_CDC20_AND_OTHER_APC_C_CDH1_TARGETED_PROTEINS_IN_LATE_MITOSIS_EARLY_G1,3.935102891852908,0.005551000833148937,True
S -> G2,UASE,community (cosine),REACTOME_INTERLEUKIN_1_FAMILY_SIGNALING,3.550979774080614,0.019047394877582165,False
S -> G2,UASE,community (cosine),REACTOME_M_PHASE,3.522168899925013,0.019047394877582165,True
S -> G2,UASE,community (cosine),REACTOME_INTERLEUKIN_1_SIGNALING,3.4231517546850108,0.023610241523761503,False
S -> G2,UASE,community (cosine),REACTOME_APC_C_MEDIATED_DEGRADATION_OF_CELL_CYCLE_PROTEINS,3.2985591608533054,0.028595532941875636,True
S -> G2,UASE,community (cosine),REACTOME_HEDGEHOG_ON_STATE,3.2651678341324617,0.028595532941875636,False
S -> G2,UASE,community (cosine),REACTOME_DEFECTIVE_CFTR_CAUSES_CYSTIC_FIBROSIS,3.181530663442974,0.028595532941875636,False
S -> G2,UASE,community (cosine),REACTOME_METABOLISM_OF_AMINO_ACIDS_AND_DERIVATIVES,3.1734094891989795,0.028595532941875636,False
S -> G2,UASE,community (cosine),REACTOME_REGULATION_OF_HMOX1_EXPRESSION_AND_ACTIVITY,3.154019017966434,0.028595532941875636,False
S -> G2,UASE,community (cosine),REACTOME_ABC_TRANSPORTER_DISORDERS,3.1397468199970837,0.028595532941875636,False
S -> G2,UASE,community (cosine),REACTOME_STABILIZATION_OF_P53,3.138461206750252,0.028595532941875636,False
S -> G2,UASE,community (cosine),REACTOME_REGULATION_OF_RUNX3_EXPRESSION_AND_ACTIVITY,3.138461206750252,0.028595532941875636,False
S -> G2,UASE,default (euclidean + cosine),REACTOME_APC_C_CDH1_MEDIATED_DEGRADATION_OF_CDC20_AND_OTHER_APC_C_CDH1_TARGETED_PROTEINS_IN_LATE_MITOSIS_EARLY_G1,4.10819562413265,0.01064695301812229,True
S -> G2,UASE,default (euclidean + cosine),REACTOME_M_PHASE,3.66047965194523,0.01616984139363886,True
S -> G2,UASE,default (euclidean + cosine),REACTOME_REGULATION_OF_MRNA_STABILITY_BY_PROTEINS_THAT_BIND_AU_RICH_ELEMENTS,3.656159774892874,0.01616984139363886,False
S -> G2,UASE,default (euclidean + cosine),REACTOME_ABC_FAMILY_PROTEINS_MEDIATED_TRANSPORT,3.614591113515374,0.01616984139363886,False
S -> G2,UASE,default (euclidean + cosine),REACTOME_APC_C_MEDIATED_DEGRADATION_OF_CELL_CYCLE_PROTEINS,3.612887571659781,0.01616984139363886,True
S -> G2,UASE,default (euclidean + cosine),REACTOME_AUF1_HNRNP_D0_BINDS_AND_DESTABILIZES_MRNA,3.494417165572039,0.02114186167335648,False
S -> G2,UASE,default (euclidean + cosine),REACTOME_INTERLEUKIN_1_FAMILY_SIGNALING,3.362104560668578,0.025875934014541222,False
S -> G2,UASE,default (euclidean + cosine),REACTOME_REGULATION_OF_TP53_ACTIVITY_THROUGH_PHOSPHORYLATION,3.3614624828033532,0.025875934014541222,False
S -> G2,UASE,default (euclidean + cosine),REACTOME_MITOTIC_METAPHASE_AND_ANAPHASE,3.2730633957352384,0.03156195510430589,True
S -> G2,UASE,default (euclidean + cosine),REACTOME_SEPARATION_OF_SISTER_CHROMATIDS,3.1504700316015195,0.03984318475210226,True
S -> G2,UASE,default (euclidean + cosine),REACTOME_INTERLEUKIN_1_SIGNALING,3.148433704203575,0.03984318475210226,False
S -> G2,UASE,default (euclidean + cosine),REACTOME_HEDGEHOG_ON_STATE,3.074214655815345,0.046960296789594826,False
S -> G2,UASE,default (euclidean + cosine),REACTOME_ABC_TRANSPORTER_DISORDERS,2.9878539588938824,0.053592846864435474,False
S -> G2,UASE,default (euclidean + cosine),REACTOME_SELECTIVE_AUTOPHAGY,2.987780623785086,0.053592846864435474,False
S -> G2,UASE,default (euclidean + cosine),REACTOME_TCR_SIGNALING,2.9513115263518683,0.05632411176910156,False
S -> G2,ULSE,community (cosine),REACTOME_AUF1_HNRNP_D0_BINDS_AND_DESTABILIZES_MRNA,4.214829839545004,0.003656443515889407,False
S -> G2,ULSE,community (cosine),REACTOME_REGULATION_OF_MRNA_STABILITY_BY_PROTEINS_THAT_BIND_AU_RICH_ELEMENTS,4.194154799717904,0.003656443515889407,False
S -> G2,ULSE,community (cosine),REACTOME_ABC_FAMILY_PROTEINS_MEDIATED_TRANSPORT,3.9195604107552233,0.007895245530378575,False
S -> G2,ULSE,community (cosine),REACTOME_APC_C_CDH1_MEDIATED_DEGRADATION_OF_CDC20_AND_OTHER_APC_C_CDH1_TARGETED_PROTEINS_IN_LATE_MITOSIS_EARLY_G1,3.78746222109637,0.009333924643910701,True
S -> G2,ULSE,community (cosine),REACTOME_INTERLEUKIN_1_SIGNALING,3.729170246151771,0.009333924643910701,False
S -> G2,ULSE,community (cosine),REACTOME_HEDGEHOG_ON_STATE,3.706973216827029,0.009333924643910701,False
S -> G2,ULSE,community (cosine),REACTOME_INTERLEUKIN_1_FAMILY_SIGNALING,3.5917498763331377,0.01198400656603186,False
S -> G2,ULSE,community (cosine),REACTOME_REGULATION_OF_HMOX1_EXPRESSION_AND_ACTIVITY,3.568470438326095,0.01198400656603186,False
S -> G2,ULSE,community (cosine),REACTOME_STABILIZATION_OF_P53,3.433745288401928,0.01589459840445216,False
S -> G2,ULSE,community (cosine),REACTOME_REGULATION_OF_RUNX3_EXPRESSION_AND_ACTIVITY,3.433745288401928,0.01589459840445216,False
S -> G2,ULSE,community (cosine),REACTOME_FCERI_MEDIATED_NF_KB_ACTIVATION,3.327788368811021,0.021096287473067254,False
S -> G2,ULSE,community (cosine),REACTOME_DEFECTIVE_CFTR_CAUSES_CYSTIC_FIBROSIS,3.3054773261972836,0.021096287473067254,False
S -> G2,ULSE,community (cosine),REACTOME_RUNX1_REGULATES_TRANSCRIPTION_OF_GENES_INVOLVED_IN_DIFFERENTIATION_OF_HSCS,3.256977607109934,0.02164731112660873,False
S -> G2,ULSE,community (cosine),REACTOME_TCR_SIGNALING,3.2547142704712106,0.02164731112660873,False
S -> G2,ULSE,community (cosine),REACTOME_METABOLISM_OF_AMINO_ACIDS_AND_DERIVATIVES,3.2097255702922256,0.022735734093130205,False
S -> G2,ULSE,default (euclidean + cosine),REACTOME_APC_C_CDH1_MEDIATED_DEGRADATION_OF_CDC20_AND_OTHER_APC_C_CDH1_TARGETED_PROTEINS_IN_LATE_MITOSIS_EARLY_G1,4.17479736527135,0.00796331258487701,True
S -> G2,ULSE,default (euclidean + cosine),REACTOME_AUF1_HNRNP_D0_BINDS_AND_DESTABILIZES_MRNA,3.7505425617291768,0.01868237496906325,False
S -> G2,ULSE,default (euclidean + cosine),REACTOME_REGULATION_OF_MRNA_STABILITY_BY_PROTEINS_THAT_BIND_AU_RICH_ELEMENTS,3.7067761519246654,0.01868237496906325,False
S -> G2,ULSE,default (euclidean + cosine),REACTOME_ABC_FAMILY_PROTEINS_MEDIATED_TRANSPORT,3.4750777237695707,0.028622748073434134,False
S -> G2,ULSE,default (euclidean + cosine),REACTOME_M_PHASE,3.407430574630288,0.028622748073434134,True
S -> G2,ULSE,default (euclidean + cosine),REACTOME_APC_C_MEDIATED_DEGRADATION_OF_CELL_CYCLE_PROTEINS,3.4038557002782754,0.028622748073434134,True
S -> G2,ULSE,default (euclidean + cosine),REACTOME_REGULATION_OF_TP53_ACTIVITY_THROUGH_PHOSPHORYLATION,3.3704669291588263,0.028622748073434134,False
S -> G2,ULSE,default (euclidean + cosine),REACTOME_HEDGEHOG_ON_STATE,3.3145604743960946,0.030634019096914728,False
S -> G2,ULSE,default (euclidean + cosine),REACTOME_REGULATION_OF_HMOX1_EXPRESSION_AND_ACTIVITY,3.1554692929670423,0.044141388066683676,False
S -> G2,ULSE,default (euclidean + cosine),REACTOME_INTERLEUKIN_1_SIGNALING,3.146347324046353,0.044141388066683676,False
S -> G2,ULSE,default (euclidean + cosine),REACTOME_INTERLEUKIN_1_FAMILY_SIGNALING,3.058322451318202,0.0540262197867126,False
S -> G2,ULSE,default (euclidean + cosine),REACTOME_PROTEIN_UBIQUITINATION,2.9711602392029124,0.0660106194701396,False
S -> G2,ULSE,default (euclidean + cosine),REACTOME_MITOTIC_METAPHASE_AND_ANAPHASE,2.8780146157805726,0.07181324743947748,True
S -> G2,ULSE,default (euclidean + cosine),REACTOME_HEDGEHOG_OFF_STATE,2.818618961925801,0.07181324743947748,False
S -> G2,ULSE,default (euclidean + cosine),REACTOME_METABOLISM_OF_AMINO_ACIDS_AND_DERIVATIVES,2.7996471046999485,0.07181324743947748,False
G2 -> M,UASE,community (cosine),REACTOME_APC_C_MEDIATED_DEGRADATION_OF_CELL_CYCLE_PROTEINS,3.7514993178765077,0.03261570287597803,True
G2 -> M,UASE,community (cosine),REACTOME_M_PHASE,3.66814943902319,0.03261570287597803,True
G2 -> M,UASE,community (cosine),REACTOME_CONDENSATION_OF_PROMETAPHASE_CHROMOSOMES,3.2533062375194244,0.06596799819261533,True
G2 -> M,UASE,community (cosine),REACTOME_REGULATION_OF_PLK1_ACTIVITY_AT_G2_M_TRANSITION,3.2187746411283054,0.06596799819261533,True
G2 -> M,UASE,community (cosine),REACTOME_MITOTIC_METAPHASE_AND_ANAPHASE,3.194899269179197,0.06596799819261533,True
G2 -> M,UASE,community (cosine),REACTOME_RESPONSE_TO_ELEVATED_PLATELET_CYTOSOLIC_CA2,3.16912605508105,0.06596799819261533,False
G2 -> M,UASE,community (cosine),REACTOME_RECRUITMENT_OF_NUMA_TO_MITOTIC_CENTROSOMES,3.1331351142417185,0.06596799819261533,True
G2 -> M,UASE,community (cosine),REACTOME_APC_C_CDC20_MEDIATED_DEGRADATION_OF_CYCLIN_B,3.079011950157293,0.06931598705822309,True
G2 -> M,UASE,community (cosine),REACTOME_MITOTIC_G2_G2_M_PHASES,2.9946058818684826,0.08146801746934303,True
G2 -> M,UASE,community (cosine),REACTOME_NERVOUS_SYSTEM_DEVELOPMENT,2.930655722061299,0.08146801746934303,False
G2 -> M,UASE,community (cosine),REACTOME_MITOTIC_PROMETAPHASE,2.9070732183062717,0.08146801746934303,True
G2 -> M,UASE,community (cosine),REACTOME_APC_CDC20_MEDIATED_DEGRADATION_OF_NEK2A,2.9059427851371975,0.08146801746934303,True
G2 -> M,UASE,community (cosine),REACTOME_REGULATION_OF_MRNA_STABILITY_BY_PROTEINS_THAT_BIND_AU_RICH_ELEMENTS,2.864384231675032,0.0827488846332062,False
G2 -> M,UASE,community (cosine),REACTOME_PLATELET_ACTIVATION_SIGNALING_AND_AGGREGATION,2.8228553943400563,0.0827488846332062,False
G2 -> M,UASE,community (cosine),REACTOME_L1CAM_INTERACTIONS,2.818745485264466,0.0827488846332062,False
G2 -> M,UASE,euclidean,REACTOME_APC_C_MEDIATED_DEGRADATION_OF_CELL_CYCLE_PROTEINS,5.921691256659458,8.507886477844706e-07,True
G2 -> M,UASE,euclidean,REACTOME_APC_CDC20_MEDIATED_DEGRADATION_OF_NEK2A,5.239608152435127,2.1482541879173357e-05,True
G2 -> M,UASE,euclidean,REACTOME_M_PHASE,5.102635930854229,2.9810994587646525e-05,True
G2 -> M,UASE,euclidean,REACTOME_INHIBITION_OF_THE_PROTEOLYTIC_ACTIVITY_OF_APC_C_REQUIRED_FOR_THE_ONSET_OF_ANAPHASE_BY_MITOTIC_SPINDLE_CHECKPOINT_COMPONENTS,4.6599144320156105,0.0001748400048414732,True
G2 -> M,UASE,euclidean,REACTOME_MITOTIC_METAPHASE_AND_ANAPHASE,4.652826492082692,0.0001748400048414732,True
G2 -> M,UASE,euclidean,REACTOME_POLO_LIKE_KINASE_MEDIATED_EVENTS,4.531646156227994,0.0002604399131252929,True
G2 -> M,UASE,euclidean,REACTOME_APC_C_CDH1_MEDIATED_DEGRADATION_OF_CDC20_AND_OTHER_APC_C_CDH1_TARGETED_PROTEINS_IN_LATE_MITOSIS_EARLY_G1,4.396045676948496,0.0004204897004942534,True
G2 -> M,UASE,euclidean,REACTOME_SEPARATION_OF_SISTER_CHROMATIDS,4.347833188660628,0.00045886989831360513,True
G2 -> M,UASE,euclidean,REACTOME_CELL_CYCLE_MITOTIC,4.318505101609903,0.0004660324552288792,True
G2 -> M,UASE,euclidean,REACTOME_MITOTIC_PROMETAPHASE,4.168744914977263,0.0008177716908832301,True
G2 -> M,UASE,euclidean,REACTOME_CELL_CYCLE,4.02070240044374,0.0014084218582710712,True
G2 -> M,UASE,euclidean,REACTOME_APC_C_CDC20_MEDIATED_DEGRADATION_OF_CYCLIN_B,3.9124288131783924,0.0020330376225219508,True
G2 -> M,UASE,euclidean,REACTOME_CONDENSATION_OF_PROMETAPHASE_CHROMOSOMES,3.8441286955016865,0.0024847740445149776,True
G2 -> M,UASE,euclidean,REACTOME_RESOLUTION_OF_SISTER_CHROMATID_COHESION,3.8222320777430827,0.0025221799196474604,True
G2 -> M,UASE,euclidean,REACTOME_CYCLIN_A_B1_B2_ASSOCIATED_EVENTS_DURING_G2_M_TRANSITION,3.7529395977360216,0.0031109590135228672,True
G2 -> M,UASE,default (euclidean + cosine),REACTOME_APC_C_MEDIATED_DEGRADATION_OF_CELL_CYCLE_PROTEINS,5.675015849083449,3.7026442816669084e-06,True
G2 -> M,UASE,default (euclidean + cosine),REACTOME_M_PHASE,5.248294247672876,2.049411428661069e-05,True
G2 -> M,UASE,default (euclidean + cosine),REACTOME_MITOTIC_METAPHASE_AND_ANAPHASE,4.664039042517654,0.0002759556380852482,True
G2 -> M,UASE,default (euclidean + cosine),REACTOME_APC_CDC20_MEDIATED_DEGRADATION_OF_NEK2A,4.567199681345759,0.00032993397324639464,True
G2 -> M,UASE,default (euclidean + cosine),REACTOME_INHIBITION_OF_THE_PROTEOLYTIC_ACTIVITY_OF_APC_C_REQUIRED_FOR_THE_ONSET_OF_ANAPHASE_BY_MITOTIC_SPINDLE_CHECKPOINT_COMPONENTS,4.2849349163772725,0.000976112974127516,True
G2 -> M,UASE,default (euclidean + cosine),REACTOME_CELL_CYCLE_MITOTIC,4.242836711918089,0.000982168537621472,True
G2 -> M,UASE,default (euclidean + cosine),REACTOME_MITOTIC_PROMETAPHASE,4.193937469746683,0.0010457001018068569,True
G2 -> M,UASE,default (euclidean + cosine),REACTOME_CONDENSATION_OF_PROMETAPHASE_CHROMOSOMES,4.095587383465964,0.0013670283950076656,True
G2 -> M,UASE,default (euclidean + cosine),REACTOME_APC_C_CDH1_MEDIATED_DEGRADATION_OF_CDC20_AND_OTHER_APC_C_CDH1_TARGETED_PROTEINS_IN_LATE_MITOSIS_EARLY_G1,4.074670168210091,0.0013670283950076656,True
G2 -> M,UASE,default (euclidean + cosine),REACTOME_SEPARATION_OF_SISTER_CHROMATIDS,4.031227490451477,0.0014814843435247494,True
G2 -> M,UASE,default (euclidean + cosine),REACTOME_MITOTIC_G2_G2_M_PHASES,3.9495403396893907,0.0018120252337104244,True
G2 -> M,UASE,default (euclidean + cosine),REACTOME_REGULATION_OF_PLK1_ACTIVITY_AT_G2_M_TRANSITION,3.9206354747030034,0.0018120252337104244,True
G2 -> M,UASE,default (euclidean + cosine),REACTOME_CELL_CYCLE,3.9121828649352213,0.0018120252337104244,True
G2 -> M,UASE,default (euclidean + cosine),REACTOME_APC_C_CDC20_MEDIATED_DEGRADATION_OF_CYCLIN_B,3.9029876332213824,0.0018120252337104244,True
G2 -> M,UASE,default (euclidean + cosine),REACTOME_RESOLUTION_OF_SISTER_CHROMATID_COHESION,3.540356775831268,0.0066662711347950775,True
G2 -> M,ULSE,community (cosine),REACTOME_M_PHASE,3.9713089449958012,0.01908484282537274,True
G2 -> M,ULSE,community (cosine),REACTOME_RECRUITMENT_OF_NUMA_TO_MITOTIC_CENTROSOMES,3.3423022118747245,0.050155358260751653,True
G2 -> M,ULSE,community (cosine),REACTOME_APC_C_MEDIATED_DEGRADATION_OF_CELL_CYCLE_PROTEINS,3.3324827691092884,0.050155358260751653,True
G2 -> M,ULSE,community (cosine),REACTOME_REGULATION_OF_PLK1_ACTIVITY_AT_G2_M_TRANSITION,3.2829367906897016,0.050155358260751653,True
G2 -> M,ULSE,community (cosine),REACTOME_L1CAM_INTERACTIONS,3.257378844180525,0.050155358260751653,False
G2 -> M,ULSE,community (cosine),REACTOME_MITOTIC_PROMETAPHASE,3.256717182873344,0.050155358260751653,True
G2 -> M,ULSE,community (cosine),REACTOME_CONDENSATION_OF_PROMETAPHASE_CHROMOSOMES,3.2051148461278034,0.051397055851713516,True
G2 -> M,ULSE,community (cosine),REACTOME_MITOTIC_G2_G2_M_PHASES,3.147450917849446,0.051397055851713516,True
G2 -> M,ULSE,community (cosine),REACTOME_MITOTIC_METAPHASE_AND_ANAPHASE,3.118348993323086,0.051397055851713516,True
G2 -> M,ULSE,community (cosine),REACTOME_INTRACELLULAR_SIGNALING_BY_SECOND_MESSENGERS,3.067509011150201,0.051397055851713516,False
G2 -> M,ULSE,community (cosine),REACTOME_PLATELET_ACTIVATION_SIGNALING_AND_AGGREGATION,3.0398852724138004,0.051397055851713516,False
G2 -> M,ULSE,community (cosine),REACTOME_CELL_CYCLE_MITOTIC,3.0072134140029276,0.051397055851713516,True
G2 -> M,ULSE,community (cosine),REACTOME_AURKA_ACTIVATION_BY_TPX2,2.9912190036396806,0.051397055851713516,True
G2 -> M,ULSE,community (cosine),REACTOME_LAMININ_INTERACTIONS,2.9857471749355073,0.051397055851713516,False
G2 -> M,ULSE,community (cosine),REACTOME_NERVOUS_SYSTEM_DEVELOPMENT,2.97946999809919,0.051397055851713516,False
G2 -> M,ULSE,euclidean,REACTOME_APC_C_MEDIATED_DEGRADATION_OF_CELL_CYCLE_PROTEINS,5.624800465519439,4.958791393672538e-06,True
G2 -> M,ULSE,euclidean,REACTOME_APC_CDC20_MEDIATED_DEGRADATION_OF_NEK2A,4.605589034774572,0.0004674635707662604,True
G2 -> M,ULSE,euclidean,REACTOME_M_PHASE,4.5544452704245595,0.0004674635707662604,True
G2 -> M,ULSE,euclidean,REACTOME_APC_C_CDH1_MEDIATED_DEGRADATION_OF_CDC20_AND_OTHER_APC_C_CDH1_TARGETED_PROTEINS_IN_LATE_MITOSIS_EARLY_G1,4.260378292891714,0.0013622419405636297,True
G2 -> M,ULSE,euclidean,REACTOME_MITOTIC_METAPHASE_AND_ANAPHASE,4.184278715565324,0.0015114040087267431,True
G2 -> M,ULSE,euclidean,REACTOME_INHIBITION_OF_THE_PROTEOLYTIC_ACTIVITY_OF_APC_C_REQUIRED_FOR_THE_ONSET_OF_ANAPHASE_BY_MITOTIC_SPINDLE_CHECKPOINT_COMPONENTS,4.145116255356782,0.0015114040087267431,True
G2 -> M,ULSE,euclidean,REACTOME_CELL_CYCLE,3.6546932643723404,0.009434221694317365,True
G2 -> M,ULSE,euclidean,REACTOME_CELL_CYCLE_MITOTIC,3.630681984612052,0.009434221694317365,True
G2 -> M,ULSE,euclidean,REACTOME_APC_C_CDC20_MEDIATED_DEGRADATION_OF_CYCLIN_B,3.5853820694209535,0.009985357288070117,True
G2 -> M,ULSE,euclidean,REACTOME_SEPARATION_OF_SISTER_CHROMATIDS,3.5338509681989017,0.010935036744532934,True
G2 -> M,ULSE,euclidean,REACTOME_MITOTIC_PROMETAPHASE,3.390356289205287,0.016942810511455363,True
G2 -> M,ULSE,euclidean,REACTOME_MITOTIC_G2_G2_M_PHASES,3.3520143417352903,0.017850254446554643,True
G2 -> M,ULSE,euclidean,REACTOME_CYCLIN_A_B1_B2_ASSOCIATED_EVENTS_DURING_G2_M_TRANSITION,3.328078751768673,0.017960297812223264,True
G2 -> M,ULSE,euclidean,REACTOME_POLO_LIKE_KINASE_MEDIATED_EVENTS,3.2285699064367366,0.023726925912678585,True
G2 -> M,ULSE,euclidean,REACTOME_PHOSPHORYLATION_OF_EMI1,3.203943687885586,0.024129499858219685,False
G2 -> M,ULSE,default (euclidean + cosine),REACTOME_M_PHASE,4.618612191922057,0.0005199547207324923,True
G2 -> M,ULSE,default (euclidean + cosine),REACTOME_APC_C_MEDIATED_DEGRADATION_OF_CELL_CYCLE_PROTEINS,4.61691900490943,0.0005199547207324923,True
G2 -> M,ULSE,default (euclidean + cosine),REACTOME_MITOTIC_METAPHASE_AND_ANAPHASE,3.8737772814422162,0.00953736044008962,True
G2 -> M,ULSE,default (euclidean + cosine),REACTOME_APC_CDC20_MEDIATED_DEGRADATION_OF_NEK2A,3.7113665169916183,0.013195389017109942,True
G2 -> M,ULSE,default (euclidean + cosine),REACTOME_CELL_CYCLE_MITOTIC,3.585419817649875,0.013195389017109942,True
G2 -> M,ULSE,default (euclidean + cosine),REACTOME_CELL_CYCLE,3.563632140597696,0.013195389017109942,True
G2 -> M,ULSE,default (euclidean + cosine),REACTOME_MITOTIC_PROMETAPHASE,3.5632389914719167,0.013195389017109942,True
G2 -> M,ULSE,default (euclidean + cosine),REACTOME_REGULATION_OF_PLK1_ACTIVITY_AT_G2_M_TRANSITION,3.5431568593899327,0.013195389017109942,True
G2 -> M,ULSE,default (euclidean + cosine),REACTOME_MITOTIC_G2_G2_M_PHASES,3.51029615581148,0.013279033082773416,True
G2 -> M,ULSE,default (euclidean + cosine),REACTOME_APC_C_CDH1_MEDIATED_DEGRADATION_OF_CDC20_AND_OTHER_APC_C_CDH1_TARGETED_PROTEINS_IN_LATE_MITOSIS_EARLY_G1,3.419189727422974,0.016769713688842332,True
G2 -> M,ULSE,default (euclidean + cosine),REACTOME_INHIBITION_OF_THE_PROTEOLYTIC_ACTIVITY_OF_APC_C_REQUIRED_FOR_THE_ONSET_OF_ANAPHASE_BY_MITOTIC_SPINDLE_CHECKPOINT_COMPONENTS,3.3839005037447736,0.0173462364044539,True
G2 -> M,ULSE,default (euclidean + cosine),REACTOME_RECRUITMENT_OF_NUMA_TO_MITOTIC_CENTROSOMES,3.3231594567084564,0.01908818454999347,True
G2 -> M,ULSE,default (euclidean + cosine),REACTOME_CONDENSATION_OF_PROMETAPHASE_CHROMOSOMES,3.311073703845463,0.01908818454999347,True
G2 -> M,ULSE,default (euclidean + cosine),REACTOME_AURKA_ACTIVATION_BY_TPX2,3.283949701147102,0.01952212261415883,True
G2 -> M,ULSE,default (euclidean + cosine),REACTOME_SEPARATION_OF_SISTER_CHROMATIDS,3.2537818864847448,0.02027058294258081,True
